title,price,old_price,discount,rating,rating_count,review_count,category,subcategories,color,fabric,fit_shape,length,sizes,sleeve_length,pattern,seller_name,product_url,ext_id,image_url,gallery_image_urls,affiliate_url,generated_affiliate_url,link_status
A-LINE BABY PINK DRESS,391,,,4.2,4685,1995,Women Dresses,A-line | Printed | Three-quarter sleeves,Pink,Lycra,A-line,,XS | S | M | L | XL | XXL,Three-Quarter Sleeves,Printed,MAHALAXMI_FASHION,https://www.meesho.com/a-line-baby-pink-dress/p/baj21t,baj21t,https://images.meesho.com/images/products/682813217/hbo6b_512.webp?width=512,https://images.meesho.com/images/products/682813217/lmheb_512.webp?width=512|https://images.meesho.com/images/products/682813217/fd3es_512.webp?width=512|https://images.meesho.com/images/products/682813217/umard_512.webp?width=512,https://www.meesho.com/af_invite/374453404:youtube_long_form:12492338?ext_id=baj21t&utm_source=youtube_long_form,https://www.meesho.com/af_invite/374453404:youtube_long_form:12492338?ext_id=baj21t&utm_source=youtube_long_form,generated-from-supplied-pattern
Black printed flower dress,267,,,4.4,1856,780,Women Dresses,Sleeveless | Floral | Printed,Black,Lycra,,,XS | S | M | L | XL | XXL,Sleeveless,Printed,aaditri_fashion,https://www.meesho.com/black-printed-flower-dress/p/9t89oc,9t89oc,https://images.meesho.com/images/products/593290236/3a3fs_512.webp?width=512,https://images.meesho.com/images/products/593290236/9gfnh_512.webp?width=512|https://images.meesho.com/images/products/593290236/nkpui_512.webp?width=512,https://www.meesho.com/af_invite/374453404:youtube_long_form:12492338?ext_id=9t89oc&utm_source=youtube_long_form,https://www.meesho.com/af_invite/374453404:youtube_long_form:12492338?ext_id=9t89oc&utm_source=youtube_long_form,generated-from-supplied-pattern
Trendy Pink Marble Design Maxi Dress Women’s Long Party Wear Dress Party & Evening Wear,342,,,4.4,18,5,Women Dresses,Maxi | Sleeveless | Partywear | Printed,Pink,Lycra,,Maxi,XS | S | M | L | XL | XXL,Sleeveless,Printed,STARK,https://www.meesho.com/trendy-pink-marble-design-maxi-dress-womens-long-party-wear-dress-party-evening-wear/p/hwok7c,hwok7c,https://images.meesho.com/images/products/1082818632/hd66e_512.webp?width=512,https://images.meesho.com/images/products/1082818632/dezzn_512.webp?width=512|https://images.meesho.com/images/products/1082818632/cdzbv_512.webp?width=512|https://images.meesho.com/images/products/1082818632/knopz_512.webp?width=512,https://www.meesho.com/af_invite/374453404:youtube_long_form:12492338?ext_id=hwok7c&utm_source=youtube_long_form,https://www.meesho.com/af_invite/374453404:youtube_long_form:12492338?ext_id=hwok7c&utm_source=youtube_long_form,generated-from-supplied-pattern
PRE THREE FOLWER WHITE DRESS,353,,,,134,50,Women Dresses,Sleeveless | Printed,White,Lycra,,,XS | S | M | L | XL,Sleeveless,Printed,KRUSHNAM_FASHION,https://www.meesho.com/pre-three-folwer-white-dress/p/buhc6r,buhc6r,https://images.meesho.com/images/products/716325363/pip2n_512.webp?width=512,https://images.meesho.com/images/products/716325363/hmhf6_512.webp?width=512|https://images.meesho.com/images/products/716325363/dn6i7_512.webp?width=512|https://images.meesho.com/images/products/716325363/qxtim_512.webp?width=512,https://www.meesho.com/af_invite/374453404:youtube_long_form:12492338?ext_id=buhc6r&utm_source=youtube_long_form,https://www.meesho.com/af_invite/374453404:youtube_long_form:12492338?ext_id=buhc6r&utm_source=youtube_long_form,generated-from-supplied-pattern
sunpernet dresses,551,,,4.4,313,123,Women Dresses,Printed | Short sleeves,,Super Net,,,XS | S | M | L | XL | XXL,Short Sleeves,Printed,ANAYA FASHION by Spivoz,https://www.meesho.com/sunpernet-dresses/p/gvmr0u,gvmr0u,https://images.meesho.com/images/products/1020588366/hchkt_512.webp?width=512,https://images.meesho.com/images/products/1020588366/hokiy_512.webp?width=512|https://images.meesho.com/images/products/1020588366/adamt_512.webp?width=512|https://images.meesho.com/images/products/1020588366/ufgg7_512.webp?width=512,https://www.meesho.com/af_invite/374453404:youtube_long_form:12492338?ext_id=gvmr0u&utm_source=youtube_long_form,https://www.meesho.com/af_invite/374453404:youtube_long_form:12492338?ext_id=gvmr0u&utm_source=youtube_long_form,generated-from-supplied-pattern
Women’s Pink Floral Printed Party Wear Maxi Dress Sleeveless Fitted Long Dress with Feminine Floral Pattern,342,,,,,,Women Dresses,Maxi | Sleeveless | Partywear | Floral | Printed,Pink,Lycra,,Maxi,XS | S | M | L | XL | XXL,Sleeveless,Printed,alz_fashion,https://www.meesho.com/womens-pink-floral-printed-party-wear-maxi-dress-sleeveless-fitted-long-dress-with-feminine-floral-pattern/p/i3c1ne,i3c1ne,https://images.meesho.com/images/products/1093992026/54jat_512.webp?width=512,https://images.meesho.com/images/products/1093992026/px1ro_512.webp?width=512|https://images.meesho.com/images/products/1093992026/7rfg9_512.webp?width=512|https://images.meesho.com/images/products/1093992026/pyzot_512.webp?width=512,https://www.meesho.com/af_invite/374453404:youtube_long_form:12492338?ext_id=i3c1ne&utm_source=youtube_long_form,https://www.meesho.com/af_invite/374453404:youtube_long_form:12492338?ext_id=i3c1ne&utm_source=youtube_long_form,generated-from-supplied-pattern
Women Black Floral Print Flared Maxi Dress,420,,,,,,Women Dresses,Maxi | Floral | Flared | Printed | Short sleeves,Black,Cotton Blend,Flared,Maxi,XS | M | XL | XXL | XXXL,Short Sleeves,Printed,KAYRA _ENTERPRISE,https://www.meesho.com/women-black-floral-print-flared-maxi-dress/p/id9hfh,id9hfh,https://images.meesho.com/images/products/1110668669/jgtkv_512.webp?width=512,https://images.meesho.com/images/products/1110668669/yl5ge_512.webp?width=512|https://images.meesho.com/images/products/1110668669/ugozi_512.webp?width=512|https://images.meesho.com/images/products/1110668669/j8cwx_512.webp?width=512,https://www.meesho.com/af_invite/374453404:youtube_long_form:12492338?ext_id=id9hfh&utm_source=youtube_long_form,https://www.meesho.com/af_invite/374453404:youtube_long_form:12492338?ext_id=id9hfh&utm_source=youtube_long_form,generated-from-supplied-pattern
Women's Cotton Blend Fit and Flare Dress.,318,,,,,,Women Dresses,Sleeveless | Fit & flare,,Cotton Blend,Fit & flare,,S | M | L | XL,Sleeveless,,HOT FASHION,https://www.meesho.com/womens-cotton-blend-fit-and-flare-dress/p/id8b6i,id8b6i,https://images.meesho.com/images/products/1110613914/xbhwv_512.webp?width=512,https://images.meesho.com/images/products/1110613914/rz1nl_512.webp?width=512|https://images.meesho.com/images/products/1110613914/vaztg_512.webp?width=512|https://images.meesho.com/images/products/1110613914/k5vtx_512.webp?width=512,https://www.meesho.com/af_invite/374453404:youtube_long_form:12492338?ext_id=id8b6i&utm_source=youtube_long_form,https://www.meesho.com/af_invite/374453404:youtube_long_form:12492338?ext_id=id8b6i&utm_source=youtube_long_form,generated-from-supplied-pattern
"Elegant Women Pink Marble Print Sleeveless Maxi Gown Stylish Slim Fit Bodycon Party Wear Western Long Dress for Cocktail, Birthday & Evening Occasions",342,,,,136,59,Women Dresses,Bodycon | Maxi | Sleeveless | Partywear | Printed,Pink,Lycra,Bodycon,Maxi,XS | S | M | L | XL | XXL,Sleeveless,Printed,INSA FASHION,https://www.meesho.com/elegant-women-pink-marble-print-sleeveless-maxi-gown-stylish-slim-fit-bodycon-party-wear-western-long-dress-for-cocktail-birthday-evening-occasions/p/hofzfw,hofzfw,https://images.meesho.com/images/products/1068981548/uw1ou_512.webp?width=512,https://images.meesho.com/images/products/1068981548/0cver_512.webp?width=512|https://images.meesho.com/images/products/1068981548/8nir4_512.webp?width=512|https://images.meesho.com/images/products/1068981548/p9w2c_512.webp?width=512,https://www.meesho.com/af_invite/374453404:youtube_long_form:12492338?ext_id=hofzfw&utm_source=youtube_long_form,https://www.meesho.com/af_invite/374453404:youtube_long_form:12492338?ext_id=hofzfw&utm_source=youtube_long_form,generated-from-supplied-pattern
"Women Maroon Bodycon Maxi Dress with Peplum Waist, Sleeveless Party Wear Western Dress | Women Maroon Textured Bodycon Maxi Dress, Sleeveless Mermaid Party Wear Dress",426,,,,,,Women Dresses,Bodycon | Maxi | Sleeveless | Partywear | Solid,Maroon,Lycra,Bodycon,Maxi,XS | S | M | L | XL,Sleeveless,Solid,RISHIV_X,https://www.meesho.com/women-maroon-bodycon-maxi-dress-with-peplum-waist-sleeveless-party-wear-western-dress-women-maroon-textured-bodycon-maxi-dress-sleeveless-mermaid-party-wear-dress/p/i69e0n,i69e0n,https://images.meesho.com/images/products/1098906935/c540k_512.webp?width=512,https://images.meesho.com/images/products/1098906935/axzza_512.webp?width=512|https://images.meesho.com/images/products/1098906935/r51yu_512.webp?width=512|https://images.meesho.com/images/products/1098906935/anzvo_512.webp?width=512,https://www.meesho.com/af_invite/374453404:youtube_long_form:12492338?ext_id=i69e0n&utm_source=youtube_long_form,https://www.meesho.com/af_invite/374453404:youtube_long_form:12492338?ext_id=i69e0n&utm_source=youtube_long_form,generated-from-supplied-pattern
SHRASTHA Premium Women's 220 GSM Lycra Fit and Flare Midi Dress | Heavy Stretchable A-Line One Piece for Women | Sleeveless Professional Western Dress for Office & Party,464,,,4.4,7043,3154,Women Dresses,Midi | Sleeveless | A-line | Fit & flare | Solid,,Lycra,Fit & flare,Midi,S | M | L | XL | XXL,Sleeveless,Solid,SHRASTHA,https://www.meesho.com/shrastha-premium-womens-220-gsm-lycra-fit-and-flare-midi-dress-heavy-stretchable-a-line-one-piece-for-women-sleeveless-professional-western-dress-for-office-party/p/fflxkf,fflxkf,https://images.meesho.com/images/products/933210159/k5ovc_512.webp?width=512,https://images.meesho.com/images/products/933210159/mvrvc_512.webp?width=512|https://images.meesho.com/images/products/933210159/llgxj_512.webp?width=512,https://www.meesho.com/af_invite/374453404:youtube_long_form:12492338?ext_id=fflxkf&utm_source=youtube_long_form,https://www.meesho.com/af_invite/374453404:youtube_long_form:12492338?ext_id=fflxkf&utm_source=youtube_long_form,generated-from-supplied-pattern
Tadap Tadap Floral Printed Fit & Flare Dress,322,,,,,,Women Dresses,Full sleeves | Floral | Fit & flare | Flared | Printed,,Rayon,Fit & flare,,XS | S | M | L | XL,Long Sleeves,Printed,king off fashion,https://www.meesho.com/tadap-tadap-floral-printed-fit-flare-dress/p/ibw000,ibw000,https://images.meesho.com/images/products/1108359936/3yfah_512.webp?width=512,https://images.meesho.com/images/products/1108359936/oopix_512.webp?width=512|https://images.meesho.com/images/products/1108359936/d1xsv_512.webp?width=512|https://images.meesho.com/images/products/1108359936/dxoo3_512.webp?width=512,https://www.meesho.com/af_invite/374453404:youtube_long_form:12492338?ext_id=ibw000&utm_source=youtube_long_form,https://www.meesho.com/af_invite/374453404:youtube_long_form:12492338?ext_id=ibw000&utm_source=youtube_long_form,generated-from-supplied-pattern
Floral Printed Long Maxi Dress for Women Trendy Bodycon Fit Long Dress for Party & Outing Sleeveless Long Maxi Gown,342,,,,15,10,Women Dresses,Bodycon | Maxi | Sleeveless | Floral | Printed,,Lycra,Bodycon,Maxi,XS | S | M | L | XL | XXL,Sleeveless,Printed,ST FABTEX,https://www.meesho.com/floral-printed-long-maxi-dress-for-women-trendy-bodycon-fit-long-dress-for-party-outing-sleeveless-long-maxi-gown/p/htfszv,htfszv,https://images.meesho.com/images/products/1077371275/nh5co_512.webp?width=512,https://images.meesho.com/images/products/1077371275/g7oyz_512.webp?width=512|https://images.meesho.com/images/products/1077371275/dyajq_512.webp?width=512|https://images.meesho.com/images/products/1077371275/eqbtf_512.webp?width=512,https://www.meesho.com/af_invite/374453404:youtube_long_form:12492338?ext_id=htfszv&utm_source=youtube_long_form,https://www.meesho.com/af_invite/374453404:youtube_long_form:12492338?ext_id=htfszv&utm_source=youtube_long_form,generated-from-supplied-pattern
NEW woman squre NACK desing puff sleeve maxi DREES,384,,,4.1,2606,1077,Women Dresses,Maxi | Printed | Three-quarter sleeves,,Lycra,,Maxi,XS | S | M | L | XL | XXL,Three-Quarter Sleeves,Printed,MAHALAXMI_FASHION,https://www.meesho.com/new-woman-squre-nack-desing-puff-sleeve-maxi-drees/p/amket9,amket9,https://images.meesho.com/images/products/642565629/7omhc_512.webp?width=512,https://images.meesho.com/images/products/642565629/mfhl7_512.webp?width=512|https://images.meesho.com/images/products/642565629/4jckg_512.webp?width=512|https://images.meesho.com/images/products/642565629/3ufbg_512.webp?width=512,https://www.meesho.com/af_invite/374453404:youtube_long_form:12492338?ext_id=amket9&utm_source=youtube_long_form,https://www.meesho.com/af_invite/374453404:youtube_long_form:12492338?ext_id=amket9&utm_source=youtube_long_form,generated-from-supplied-pattern
