title,ext_id,product_url
A-LINE BABY PINK DRESS,baj21t,https://www.meesho.com/a-line-baby-pink-dress/p/baj21t
Black printed flower dress,9t89oc,https://www.meesho.com/black-printed-flower-dress/p/9t89oc
Trendy Pink Marble Design Maxi Dress Women’s Long Party Wear Dress Party & Evening Wear,hwok7c,https://www.meesho.com/trendy-pink-marble-design-maxi-dress-womens-long-party-wear-dress-party-evening-wear/p/hwok7c
PRE THREE FOLWER WHITE DRESS,buhc6r,https://www.meesho.com/pre-three-folwer-white-dress/p/buhc6r
sunpernet dresses,gvmr0u,https://www.meesho.com/sunpernet-dresses/p/gvmr0u
Women’s Pink Floral Printed Party Wear Maxi Dress Sleeveless Fitted Long Dress with Feminine Floral Pattern,i3c1ne,https://www.meesho.com/womens-pink-floral-printed-party-wear-maxi-dress-sleeveless-fitted-long-dress-with-feminine-floral-pattern/p/i3c1ne
Women Black Floral Print Flared Maxi Dress,id9hfh,https://www.meesho.com/women-black-floral-print-flared-maxi-dress/p/id9hfh
Women's Cotton Blend Fit and Flare Dress.,id8b6i,https://www.meesho.com/womens-cotton-blend-fit-and-flare-dress/p/id8b6i
"Elegant Women Pink Marble Print Sleeveless Maxi Gown Stylish Slim Fit Bodycon Party Wear Western Long Dress for Cocktail, Birthday & Evening Occasions",hofzfw,https://www.meesho.com/elegant-women-pink-marble-print-sleeveless-maxi-gown-stylish-slim-fit-bodycon-party-wear-western-long-dress-for-cocktail-birthday-evening-occasions/p/hofzfw
"Women Maroon Bodycon Maxi Dress with Peplum Waist, Sleeveless Party Wear Western Dress | Women Maroon Textured Bodycon Maxi Dress, Sleeveless Mermaid Party Wear Dress",i69e0n,https://www.meesho.com/women-maroon-bodycon-maxi-dress-with-peplum-waist-sleeveless-party-wear-western-dress-women-maroon-textured-bodycon-maxi-dress-sleeveless-mermaid-party-wear-dress/p/i69e0n
SHRASTHA Premium Women's 220 GSM Lycra Fit and Flare Midi Dress | Heavy Stretchable A-Line One Piece for Women | Sleeveless Professional Western Dress for Office & Party,fflxkf,https://www.meesho.com/shrastha-premium-womens-220-gsm-lycra-fit-and-flare-midi-dress-heavy-stretchable-a-line-one-piece-for-women-sleeveless-professional-western-dress-for-office-party/p/fflxkf
Tadap Tadap Floral Printed Fit & Flare Dress,ibw000,https://www.meesho.com/tadap-tadap-floral-printed-fit-flare-dress/p/ibw000
Floral Printed Long Maxi Dress for Women Trendy Bodycon Fit Long Dress for Party & Outing Sleeveless Long Maxi Gown,htfszv,https://www.meesho.com/floral-printed-long-maxi-dress-for-women-trendy-bodycon-fit-long-dress-for-party-outing-sleeveless-long-maxi-gown/p/htfszv
NEW woman squre NACK desing puff sleeve maxi DREES,amket9,https://www.meesho.com/new-woman-squre-nack-desing-puff-sleeve-maxi-drees/p/amket9
