Title,Media URL,Pinterest board,Description,Link,Publish date,Keywords
Adidas Off-Shoulder Corset Crop Sweatshirt (Dusty Rose) | Under ₹649,/images/meesho-black-cardigan.webp,Aesthetic Fashion Curations,✨ Effortless chic dailywear pick. Super comfortable and budget-friendly. Shop this exact look on shelf: https://www.meesho.com/search?q=corset+sweatshirt,https://www.meesho.com/search?q=corset+sweatshirt,2026-10-03,"OOTD, Aesthetic Fashion, Gen Z Style, Fashion Finds, Pinterest Inspo"
Cyber Tribal Flame Oversized Parachute Streetwear Pants | Under ₹699,/images/meesho-canvas-tote.webp,Aesthetic Fashion Curations,✨ Effortless chic dailywear pick. Super comfortable and budget-friendly. Shop this exact look on shelf: https://www.meesho.com/search?q=baggy+flame+trackpants,https://www.meesho.com/search?q=baggy+flame+trackpants,2026-10-03,"OOTD, Aesthetic Fashion, Gen Z Style, Fashion Finds, Pinterest Inspo"
Y2K Kitten Aesthetic Ruched Cami & Dolphin Shorts Lounge Set | Under ₹399,/images/meesho-casual-beige-girls-top.webp,Brasilcore & Y2K Fashion,🇧🇷 That viral Pinterest Y2K Baby Tee you've been looking everywhere for. Shop this exact look on shelf: https://www.meesho.com/search?q=kitten+crop+top+shorts,https://www.meesho.com/search?q=kitten+crop+top+shorts,2026-10-03,"Brasilcore, Y2K Baby Tee, Streetwear India, Pinterest Outfit, Aesthetic Tees"
Y2K Cowl-Neck Leopard Backless Slinky Maxi Dress | Under ₹699,/images/meesho-dress-i45j67.webp,Diwali & Wedding Glam,✨ Royal Velvet & Cowl Glam for Festive Nights. Pure main-character energy. Shop this exact look on shelf: https://www.meesho.com/search?q=leopard+cowl+maxi+dress,https://www.meesho.com/search?q=leopard+cowl+maxi+dress,2026-10-03,"Diwali Outfit, Velvet Dress, Festive Lookbook, Party Wear, Aesthetic Indian"
Brasilcore High-Leg Cut-Out Green & Yellow Bodysuit | Under ₹449,/images/meesho-elegant-casual-white-top.webp,Brasilcore & Y2K Fashion,🇧🇷 That viral Pinterest Y2K Baby Tee you've been looking everywhere for. Shop this exact look on shelf: https://www.meesho.com/search?q=brasil+bodysuit,https://www.meesho.com/search?q=brasil+bodysuit,2026-10-03,"Brasilcore, Y2K Baby Tee, Streetwear India, Pinterest Outfit, Aesthetic Tees"
Spider Crimson Graphic Ribbed Tank & Lounge Pant Set | Under ₹549,/images/meesho-floral-print-georgette-saree.webp,Brasilcore & Y2K Fashion,🇧🇷 That viral Pinterest Y2K Baby Tee you've been looking everywhere for. Shop this exact look on shelf: https://www.meesho.com/search?q=spider+pajama+set,https://www.meesho.com/search?q=spider+pajama+set,2026-10-03,"Brasilcore, Y2K Baby Tee, Streetwear India, Pinterest Outfit, Aesthetic Tees"
Coquette Strawberry Lace-Trim Cami & Lounge Set | Under ₹399,/images/meesho-oversized-boxy-fit-tshirt.webp,Brasilcore & Y2K Fashion,🇧🇷 That viral Pinterest Y2K Baby Tee you've been looking everywhere for. Shop this exact look on shelf: https://www.meesho.com/search?q=strawberry+cami+set,https://www.meesho.com/search?q=strawberry+cami+set,2026-10-03,"Brasilcore, Y2K Baby Tee, Streetwear India, Pinterest Outfit, Aesthetic Tees"
Hello Kitty Y2K Ribbed Baby Tank & Printed Shorts Set | Under ₹399,/images/meesho-retro-square-sunglasses.webp,Brasilcore & Y2K Fashion,🇧🇷 That viral Pinterest Y2K Baby Tee you've been looking everywhere for. Shop this exact look on shelf: https://www.meesho.com/search?q=hello+kitty+shorts+set,https://www.meesho.com/search?q=hello+kitty+shorts+set,2026-10-03,"Brasilcore, Y2K Baby Tee, Streetwear India, Pinterest Outfit, Aesthetic Tees"
Vintage BMW Williams F1 Blue & White Leather Racing Jacket | Under ₹899,/images/meesho-black-cardigan.webp,Vintage F1 & Streetwear,🏎️ Heavyweight Vintage F1 Racing Bomber. Instant outfit upgrade. Shop this exact look on shelf: https://www.meesho.com/search?q=bmw+racing+jacket,https://www.meesho.com/search?q=bmw+racing+jacket,2026-10-03,"F1 Jacket, Racing Bomber, Streetwear Style, Oversized Fit, Vintage Lookbook"
Brasilcore Retro Yellow & Green Piping Dolphin Shorts | Under ₹349,/images/meesho-canvas-tote.webp,Brasilcore & Y2K Fashion,🇧🇷 That viral Pinterest Y2K Baby Tee you've been looking everywhere for. Shop this exact look on shelf: https://www.meesho.com/search?q=brasil+shorts+yellow,https://www.meesho.com/search?q=brasil+shorts+yellow,2026-10-03,"Brasilcore, Y2K Baby Tee, Streetwear India, Pinterest Outfit, Aesthetic Tees"
Brasil Vintage Yellow Zip Track Jacket (Samba Edit) | Under ₹649,/images/meesho-casual-beige-girls-top.webp,Brasilcore & Y2K Fashion,🇧🇷 That viral Pinterest Y2K Baby Tee you've been looking everywhere for. Shop this exact look on shelf: https://www.meesho.com/search?q=brasil+track+jacket,https://www.meesho.com/search?q=brasil+track+jacket,2026-10-03,"Brasilcore, Y2K Baby Tee, Streetwear India, Pinterest Outfit, Aesthetic Tees"
AC Milan 2007 Retro Bwin Champions League Jersey | Under ₹599,/images/meesho-dress-i45j67.webp,Vintage F1 & Streetwear,🏎️ Heavyweight Vintage F1 Racing Bomber. Instant outfit upgrade. Shop this exact look on shelf: https://www.meesho.com/search?q=ac+milan+retro+jersey,https://www.meesho.com/search?q=ac+milan+retro+jersey,2026-10-03,"F1 Jacket, Racing Bomber, Streetwear Style, Oversized Fit, Vintage Lookbook"
Y2K Ruby Gemstone Silver Spider Pendant Necklace | Under ₹399,/images/meesho-elegant-casual-white-top.webp,Brasilcore & Y2K Fashion,🇧🇷 That viral Pinterest Y2K Baby Tee you've been looking everywhere for. Shop this exact look on shelf: https://www.meesho.com/search?q=spider+silver+necklace,https://www.meesho.com/search?q=spider+silver+necklace,2026-10-03,"Brasilcore, Y2K Baby Tee, Streetwear India, Pinterest Outfit, Aesthetic Tees"
Metallic Chrome 3D Spider AirPods Pro Armor & Keychain | Under ₹449,/images/meesho-floral-print-georgette-saree.webp,Brasilcore & Y2K Fashion,🇧🇷 That viral Pinterest Y2K Baby Tee you've been looking everywhere for. Shop this exact look on shelf: https://www.meesho.com/search?q=spider+airpods+case,https://www.meesho.com/search?q=spider+airpods+case,2026-10-03,"Brasilcore, Y2K Baby Tee, Streetwear India, Pinterest Outfit, Aesthetic Tees"
Cyberpunk Metallic Liquid Spider Sunglasses | Under ₹599,/images/meesho-oversized-boxy-fit-tshirt.webp,Brasilcore & Y2K Fashion,🇧🇷 That viral Pinterest Y2K Baby Tee you've been looking everywhere for. Shop this exact look on shelf: https://www.meesho.com/search?q=y2k+cyberpunk+sunglasses,https://www.meesho.com/search?q=y2k+cyberpunk+sunglasses,2026-10-03,"Brasilcore, Y2K Baby Tee, Streetwear India, Pinterest Outfit, Aesthetic Tees"
Y2K Leopard Corset Top | Under ₹390,/images/meesho-retro-square-sunglasses.webp,Brasilcore & Y2K Fashion,🇧🇷 That viral Pinterest Y2K Baby Tee you've been looking everywhere for. Shop this exact look on shelf: https://www.meesho.com/search?q=Y2K%20Leopard%20Corset%20Top,https://www.meesho.com/search?q=Y2K%20Leopard%20Corset%20Top,2026-10-03,"Brasilcore, Y2K Baby Tee, Streetwear India, Pinterest Outfit, Aesthetic Tees"
Vintage F1 Ferrari Racing Jacket | Under ₹549,/images/meesho-black-cardigan.webp,Vintage F1 & Streetwear,🏎️ Heavyweight Vintage F1 Racing Bomber. Instant outfit upgrade. Shop this exact look on shelf: https://www.meesho.com/search?q=Vintage%20F1%20Ferrari%20Racing%20Jacket,https://www.meesho.com/search?q=Vintage%20F1%20Ferrari%20Racing%20Jacket,2026-10-03,"F1 Jacket, Racing Bomber, Streetwear Style, Oversized Fit, Vintage Lookbook"
Vintage Ferrari F1 Embroidered Racing Bomber Jacket | Under ₹1199,/images/meesho-canvas-tote.webp,Vintage F1 & Streetwear,🏎️ Heavyweight Vintage F1 Racing Bomber. Instant outfit upgrade. Shop this exact look on shelf: https://www.meesho.com/vintage-ferrari-f1-racing-jacket/p/ferrari99,https://www.meesho.com/vintage-ferrari-f1-racing-jacket/p/ferrari99,2026-10-03,"F1 Jacket, Racing Bomber, Streetwear Style, Oversized Fit, Vintage Lookbook"
Spider Aesthetic Heavyweight Oversized Graphic Tee | Under ₹549,/images/meesho-casual-beige-girls-top.webp,Aesthetic Fashion Curations,✨ Effortless chic dailywear pick. Super comfortable and budget-friendly. Shop this exact look on shelf: https://www.meesho.com/spider-oversized-graphic-tee/p/spdr88,https://www.meesho.com/spider-oversized-graphic-tee/p/spdr88,2026-10-03,"OOTD, Aesthetic Fashion, Gen Z Style, Fashion Finds, Pinterest Inspo"
Brasil Y2K Halter Neck Ruched Crop Top | Under ₹389,/images/meesho-dress-i45j67.webp,Brasilcore & Y2K Fashion,🇧🇷 That viral Pinterest Y2K Baby Tee you've been looking everywhere for. Shop this exact look on shelf: https://www.meesho.com/brasil-halter-neck-crop-top/p/brhlt99,https://www.meesho.com/brasil-halter-neck-crop-top/p/brhlt99,2026-10-03,"Brasilcore, Y2K Baby Tee, Streetwear India, Pinterest Outfit, Aesthetic Tees"
Y2K Leopard Print Asymmetric Halter Corset Top | Under ₹399,/images/meesho-elegant-casual-white-top.webp,Brasilcore & Y2K Fashion,🇧🇷 That viral Pinterest Y2K Baby Tee you've been looking everywhere for. Shop this exact look on shelf: https://www.meesho.com/leopard-halter-corset/p/leocors99,https://www.meesho.com/leopard-halter-corset/p/leocors99,2026-10-03,"Brasilcore, Y2K Baby Tee, Streetwear India, Pinterest Outfit, Aesthetic Tees"
Spider Venom Colorblock Full-Zip Streetwear Hoodie | Under ₹999,/images/meesho-floral-print-georgette-saree.webp,Aesthetic Fashion Curations,✨ Effortless chic dailywear pick. Super comfortable and budget-friendly. Shop this exact look on shelf: https://www.meesho.com/spider-zip-hoodie/p/sphood99,https://www.meesho.com/spider-zip-hoodie/p/sphood99,2026-10-03,"OOTD, Aesthetic Fashion, Gen Z Style, Fashion Finds, Pinterest Inspo"
Red Bull F1 Motorsports Vintage Track Jacket | Under ₹1149,/images/meesho-oversized-boxy-fit-tshirt.webp,Vintage F1 & Streetwear,🏎️ Heavyweight Vintage F1 Racing Bomber. Instant outfit upgrade. Shop this exact look on shelf: https://www.meesho.com/redbull-racing-vintage-jacket/p/rb99,https://www.meesho.com/redbull-racing-vintage-jacket/p/rb99,2026-10-03,"F1 Jacket, Racing Bomber, Streetwear Style, Oversized Fit, Vintage Lookbook"
Mercedes-Benz AMG Retro Leather Racing Jacket | Under ₹1299,/images/meesho-retro-square-sunglasses.webp,Vintage F1 & Streetwear,🏎️ Heavyweight Vintage F1 Racing Bomber. Instant outfit upgrade. Shop this exact look on shelf: https://www.meesho.com/mercedes-amg-leather-jacket/p/merc99,https://www.meesho.com/mercedes-amg-leather-jacket/p/merc99,2026-10-03,"F1 Jacket, Racing Bomber, Streetwear Style, Oversized Fit, Vintage Lookbook"
Argentina #10 Sky Blue Crop Shrug Jersey Top | Under ₹449,/images/meesho-black-cardigan.webp,Vintage F1 & Streetwear,🏎️ Heavyweight Vintage F1 Racing Bomber. Instant outfit upgrade. Shop this exact look on shelf: https://www.meesho.com/argentina-crop-jersey-top/p/argtop99,https://www.meesho.com/argentina-crop-jersey-top/p/argtop99,2026-10-03,"F1 Jacket, Racing Bomber, Streetwear Style, Oversized Fit, Vintage Lookbook"
Brasil 90s Ribbed Fitted Baby Tee | Under ₹349,/images/meesho-canvas-tote.webp,Brasilcore & Y2K Fashion,🇧🇷 That viral Pinterest Y2K Baby Tee you've been looking everywhere for. Shop this exact look on shelf: https://www.meesho.com/brasil-ribbed-baby-tee/p/brtee88,https://www.meesho.com/brasil-ribbed-baby-tee/p/brtee88,2026-10-03,"Brasilcore, Y2K Baby Tee, Streetwear India, Pinterest Outfit, Aesthetic Tees"
Lightning 95 Vintage Racing Graphic Hoodie Combo | Under ₹849,/images/meesho-casual-beige-girls-top.webp,Vintage F1 & Streetwear,🏎️ Heavyweight Vintage F1 Racing Bomber. Instant outfit upgrade. Shop this exact look on shelf: https://www.meesho.com/lightning-95-hoodie-set/p/mcq99,https://www.meesho.com/lightning-95-hoodie-set/p/mcq99,2026-10-03,"F1 Jacket, Racing Bomber, Streetwear Style, Oversized Fit, Vintage Lookbook"
Vanilla Girl Ribbed Cardigan & Wide-Leg Denim Set | Under ₹649,/images/meesho-dress-i45j67.webp,Brasilcore & Y2K Fashion,🇧🇷 That viral Pinterest Y2K Baby Tee you've been looking everywhere for. Shop this exact look on shelf: https://www.meesho.com/vanilla-girl-cardigan-set/p/vanilla99,https://www.meesho.com/vanilla-girl-cardigan-set/p/vanilla99,2026-10-03,"Brasilcore, Y2K Baby Tee, Streetwear India, Pinterest Outfit, Aesthetic Tees"
Downtown Girl Mocha Knit Cardigan & Acid Denim Set | Under ₹689,/images/meesho-elegant-casual-white-top.webp,Brasilcore & Y2K Fashion,🇧🇷 That viral Pinterest Y2K Baby Tee you've been looking everywhere for. Shop this exact look on shelf: https://www.meesho.com/downtown-mocha-set/p/dtmocha99,https://www.meesho.com/downtown-mocha-set/p/dtmocha99,2026-10-03,"Brasilcore, Y2K Baby Tee, Streetwear India, Pinterest Outfit, Aesthetic Tees"
Oversized Faux Leather Biker Bomber & Cargo Combo | Under ₹1299,/images/meesho-floral-print-georgette-saree.webp,Vintage F1 & Streetwear,🏎️ Heavyweight Vintage F1 Racing Bomber. Instant outfit upgrade. Shop this exact look on shelf: https://www.meesho.com/leather-bomber-cargo-set/p/biker99,https://www.meesho.com/leather-bomber-cargo-set/p/biker99,2026-10-03,"F1 Jacket, Racing Bomber, Streetwear Style, Oversized Fit, Vintage Lookbook"
Retro Colorblock Track Windbreaker & Parachute Pants | Under ₹949,/images/meesho-oversized-boxy-fit-tshirt.webp,Aesthetic Fashion Curations,✨ Effortless chic dailywear pick. Super comfortable and budget-friendly. Shop this exact look on shelf: https://www.meesho.com/windbreaker-parachute-set/p/wind99,https://www.meesho.com/windbreaker-parachute-set/p/wind99,2026-10-03,"OOTD, Aesthetic Fashion, Gen Z Style, Fashion Finds, Pinterest Inspo"
Spider-Man Red & Blue Cutout Graphic Bodysuit | Under ₹499,/images/meesho-retro-square-sunglasses.webp,Aesthetic Fashion Curations,✨ Effortless chic dailywear pick. Super comfortable and budget-friendly. Shop this exact look on shelf: https://www.meesho.com/spider-graphic-bodysuit/p/spdbod99,https://www.meesho.com/spider-graphic-bodysuit/p/spdbod99,2026-10-03,"OOTD, Aesthetic Fashion, Gen Z Style, Fashion Finds, Pinterest Inspo"
Off-Shoulder Distressed Knit Shrug & Denim Shorts Combo | Under ₹589,/images/meesho-black-cardigan.webp,Brasilcore & Y2K Fashion,🇧🇷 That viral Pinterest Y2K Baby Tee you've been looking everywhere for. Shop this exact look on shelf: https://www.meesho.com/knit-shrug-shorts-combo/p/shrug99,https://www.meesho.com/knit-shrug-shorts-combo/p/shrug99,2026-10-03,"Brasilcore, Y2K Baby Tee, Streetwear India, Pinterest Outfit, Aesthetic Tees"
Brasil Cami Strappy Bandeau Corset Tank | Under ₹369,/images/meesho-canvas-tote.webp,Brasilcore & Y2K Fashion,🇧🇷 That viral Pinterest Y2K Baby Tee you've been looking everywhere for. Shop this exact look on shelf: https://www.meesho.com/brasil-cami-corset-tank/p/brcami77,https://www.meesho.com/brasil-cami-corset-tank/p/brcami77,2026-10-03,"Brasilcore, Y2K Baby Tee, Streetwear India, Pinterest Outfit, Aesthetic Tees"
Ruched Cowl-Neck Emerald Satin Bodycon Dress | Under ₹649,https://images.meesho.com/images/products/542355935/8yqj09_512.webp,Diwali & Wedding Glam,✨ Royal Velvet & Cowl Glam for Festive Nights. Pure main-character energy. Shop this exact look on shelf: https://www.meesho.com/emerald-satin-cowl-bodycon-dress/p/emldress99,https://www.meesho.com/emerald-satin-cowl-bodycon-dress/p/emldress99,2026-10-03,"Diwali Outfit, Velvet Dress, Festive Lookbook, Party Wear, Aesthetic Indian"
Brasil Halter Top & Pleated Tennis Skirt 2-Piece Set | Under ₹549,/images/meesho-casual-beige-girls-top.webp,Brasilcore & Y2K Fashion,🇧🇷 That viral Pinterest Y2K Baby Tee you've been looking everywhere for. Shop this exact look on shelf: https://www.meesho.com/brasil-skirt-combo/p/brskirt99,https://www.meesho.com/brasil-skirt-combo/p/brskirt99,2026-10-03,"Brasilcore, Y2K Baby Tee, Streetwear India, Pinterest Outfit, Aesthetic Tees"
Minimalist Black Baby Tee & Washed Denim Jorts Set | Under ₹549,/images/meesho-dress-i45j67.webp,Brasilcore & Y2K Fashion,🇧🇷 That viral Pinterest Y2K Baby Tee you've been looking everywhere for. Shop this exact look on shelf: https://www.meesho.com/baby-tee-jorts-combo/p/jorts99,https://www.meesho.com/baby-tee-jorts-combo/p/jorts99,2026-10-03,"Brasilcore, Y2K Baby Tee, Streetwear India, Pinterest Outfit, Aesthetic Tees"
Seoul Stories floral peplum top | Under ₹379,https://images.meesho.com/images/products/542355935/8yqj09_512.webp,Aesthetic Fashion Curations,✨ Effortless chic dailywear pick. Super comfortable and budget-friendly. Shop this exact look on shelf: https://www.meesho.com/s/p/i02chc,https://www.meesho.com/s/p/i02chc,2026-10-03,"OOTD, Aesthetic Fashion, Gen Z Style, Fashion Finds, Pinterest Inspo"
Lace-detail cut-out top | Under ₹282,https://images.meesho.com/images/products/542355935/8yqj09_512.webp,Aesthetic Fashion Curations,✨ Effortless chic dailywear pick. Super comfortable and budget-friendly. Shop this exact look on shelf: https://www.meesho.com/women-contrast-lace-armhole-cut-out-keyhole-back-tops-for-women-girls/p/60z2eh,https://www.meesho.com/women-contrast-lace-armhole-cut-out-keyhole-back-tops-for-women-girls/p/60z2eh,2026-10-03,"OOTD, Aesthetic Fashion, Gen Z Style, Fashion Finds, Pinterest Inspo"
Black animal-print high-neck top | Under ₹224,https://images.meesho.com/images/products/542355935/8yqj09_512.webp,Aesthetic Fashion Curations,✨ Effortless chic dailywear pick. Super comfortable and budget-friendly. Shop this exact look on shelf: https://www.meesho.com/casual-polyester-blend-high-neck-long-sleeves-animal-printed-black-stylish-top-23-inches/p/5w5kd6,https://www.meesho.com/casual-polyester-blend-high-neck-long-sleeves-animal-printed-black-stylish-top-23-inches/p/5w5kd6,2026-10-03,"OOTD, Aesthetic Fashion, Gen Z Style, Fashion Finds, Pinterest Inspo"
Hollow-out long-sleeve top | Under ₹238,https://images.meesho.com/images/products/542355935/8yqj09_512.webp,Aesthetic Fashion Curations,✨ Effortless chic dailywear pick. Super comfortable and budget-friendly. Shop this exact look on shelf: https://www.meesho.com/hollow-out-slim-fit-long-sleeve-top-for-girls/p/7sr163,https://www.meesho.com/hollow-out-slim-fit-long-sleeve-top-for-girls/p/7sr163,2026-10-03,"OOTD, Aesthetic Fashion, Gen Z Style, Fashion Finds, Pinterest Inspo"
Off-shoulder ruffle-hem top | Under ₹326,https://images.meesho.com/images/products/542355935/8yqj09_512.webp,Aesthetic Fashion Curations,✨ Effortless chic dailywear pick. Super comfortable and budget-friendly. Shop this exact look on shelf: https://www.meesho.com/drawstring-front-off-shoulder-ruffle-hem-tube-top/p/6bw73t,https://www.meesho.com/drawstring-front-off-shoulder-ruffle-hem-tube-top/p/6bw73t,2026-10-03,"OOTD, Aesthetic Fashion, Gen Z Style, Fashion Finds, Pinterest Inspo"
Portugal CR7 Ice Wave Edition Football Jersey | Under ₹549,https://images.meesho.com/images/products/438348822/0n6f3_512.webp,Vintage F1 & Streetwear,🏎️ Heavyweight Vintage F1 Racing Bomber. Instant outfit upgrade. Shop this exact look on shelf: https://www.meesho.com/embroidery-portugal-ronaldo-7-ice-wave-edition-premium-football-jersey/p/ffva6i,https://www.meesho.com/embroidery-portugal-ronaldo-7-ice-wave-edition-premium-football-jersey/p/ffva6i,2026-10-03,"F1 Jacket, Racing Bomber, Streetwear Style, Oversized Fit, Vintage Lookbook"
Square-neck printed long-sleeve top | Under ₹216,https://images.meesho.com/images/products/542355935/8yqj09_512.webp,Aesthetic Fashion Curations,✨ Effortless chic dailywear pick. Super comfortable and budget-friendly. Shop this exact look on shelf: https://www.meesho.com/casual-polyester-blend-square-neck-and-long-sleeves-stylish-printed-top-23inches/p/3oid3q,https://www.meesho.com/casual-polyester-blend-square-neck-and-long-sleeves-stylish-printed-top-23inches/p/3oid3q,2026-10-03,"OOTD, Aesthetic Fashion, Gen Z Style, Fashion Finds, Pinterest Inspo"
Party-wear top | Under ₹161,https://images.meesho.com/images/products/542355935/8yqj09_512.webp,Aesthetic Fashion Curations,✨ Effortless chic dailywear pick. Super comfortable and budget-friendly. Shop this exact look on shelf: https://www.meesho.com/party-wear-top/p/91navc,https://www.meesho.com/party-wear-top/p/91navc,2026-10-03,"OOTD, Aesthetic Fashion, Gen Z Style, Fashion Finds, Pinterest Inspo"
High-neck short-sleeve top | Under ₹212,https://images.meesho.com/images/products/542355935/8yqj09_512.webp,Aesthetic Fashion Curations,✨ Effortless chic dailywear pick. Super comfortable and budget-friendly. Shop this exact look on shelf: https://www.meesho.com/casual-polyester-blend-high-neck-short-sleeves-stylish-top-23inches/p/37maln,https://www.meesho.com/casual-polyester-blend-high-neck-short-sleeves-stylish-top-23inches/p/37maln,2026-10-03,"OOTD, Aesthetic Fashion, Gen Z Style, Fashion Finds, Pinterest Inspo"
Pretty fabulous long-sleeve top | Under ₹250,https://images.meesho.com/images/products/542355935/8yqj09_512.webp,Aesthetic Fashion Curations,✨ Effortless chic dailywear pick. Super comfortable and budget-friendly. Shop this exact look on shelf: https://www.meesho.com/letest-elegant-long-sleeve-topfor-girls/p/7wzhy7,https://www.meesho.com/letest-elegant-long-sleeve-topfor-girls/p/7wzhy7,2026-10-03,"OOTD, Aesthetic Fashion, Gen Z Style, Fashion Finds, Pinterest Inspo"
Mizo white collared top | Under ₹297,https://images.meesho.com/images/products/542355935/8yqj09_512.webp,Aesthetic Fashion Curations,✨ Effortless chic dailywear pick. Super comfortable and budget-friendly. Shop this exact look on shelf: https://www.meesho.com/s/p/81xddl,https://www.meesho.com/s/p/81xddl,2026-10-03,"OOTD, Aesthetic Fashion, Gen Z Style, Fashion Finds, Pinterest Inspo"
Sumeer net crop top | Under ₹333,https://images.meesho.com/images/products/542355935/8yqj09_512.webp,Aesthetic Fashion Curations,✨ Effortless chic dailywear pick. Super comfortable and budget-friendly. Shop this exact look on shelf: https://www.meesho.com/women-western-wear-sumeer-net-crop-top/p/8yqj09,https://www.meesho.com/women-western-wear-sumeer-net-crop-top/p/8yqj09,2026-10-03,"OOTD, Aesthetic Fashion, Gen Z Style, Fashion Finds, Pinterest Inspo"
Long-sleeve Korean-style top | Under ₹216,https://images.meesho.com/images/products/542355935/8yqj09_512.webp,Aesthetic Fashion Curations,✨ Effortless chic dailywear pick. Super comfortable and budget-friendly. Shop this exact look on shelf: https://www.meesho.com/letest-long-sleeve-south-koria-casual-wear/p/6pxx46,https://www.meesho.com/letest-long-sleeve-south-koria-casual-wear/p/6pxx46,2026-10-03,"OOTD, Aesthetic Fashion, Gen Z Style, Fashion Finds, Pinterest Inspo"
Elegant women’s top | Under ₹196,https://images.meesho.com/images/products/542355935/8yqj09_512.webp,Aesthetic Fashion Curations,✨ Effortless chic dailywear pick. Super comfortable and budget-friendly. Shop this exact look on shelf: https://www.meesho.com/pritty-glamorous-women-top-tonic/p/7g8eff,https://www.meesho.com/pritty-glamorous-women-top-tonic/p/7g8eff,2026-10-03,"OOTD, Aesthetic Fashion, Gen Z Style, Fashion Finds, Pinterest Inspo"
Urbane modern women’s top | Under ₹175,https://images.meesho.com/images/products/542355935/8yqj09_512.webp,Aesthetic Fashion Curations,✨ Effortless chic dailywear pick. Super comfortable and budget-friendly. Shop this exact look on shelf: https://www.meesho.com/trendy-woman-top/p/8dlzq8,https://www.meesho.com/trendy-woman-top/p/8dlzq8,2026-10-03,"OOTD, Aesthetic Fashion, Gen Z Style, Fashion Finds, Pinterest Inspo"
V-neck flared-sleeve top | Under ₹247,https://images.meesho.com/images/products/542355935/8yqj09_512.webp,Aesthetic Fashion Curations,✨ Effortless chic dailywear pick. Super comfortable and budget-friendly. Shop this exact look on shelf: https://www.meesho.com/lettuce-notched-v-neck-flared-sleeve-top/p/8td8d8,https://www.meesho.com/lettuce-notched-v-neck-flared-sleeve-top/p/8td8d8,2026-10-03,"OOTD, Aesthetic Fashion, Gen Z Style, Fashion Finds, Pinterest Inspo"
Imported dori-style poncho top | Under ₹533,https://images.meesho.com/images/products/542355935/8yqj09_512.webp,Aesthetic Fashion Curations,✨ Effortless chic dailywear pick. Super comfortable and budget-friendly. Shop this exact look on shelf: https://www.meesho.com/imported-dori-style-ponchu/p/8n98vw,https://www.meesho.com/imported-dori-style-ponchu/p/8n98vw,2026-10-03,"OOTD, Aesthetic Fashion, Gen Z Style, Fashion Finds, Pinterest Inspo"
Black off-shoulder top | Under ₹196,https://images.meesho.com/images/products/542355935/8yqj09_512.webp,Aesthetic Fashion Curations,✨ Effortless chic dailywear pick. Super comfortable and budget-friendly. Shop this exact look on shelf: https://www.meesho.com/trendy-piko-of-solder-top-black/p/6fjd2s,https://www.meesho.com/trendy-piko-of-solder-top-black/p/6fjd2s,2026-10-03,"OOTD, Aesthetic Fashion, Gen Z Style, Fashion Finds, Pinterest Inspo"
Mbappe #10 Real Madrid 24/25 3rd Kit Embroidery | Under ₹529,https://images.meesho.com/images/products/447287948/kgnq9_512.webp,Vintage F1 & Streetwear,🏎️ Heavyweight Vintage F1 Racing Bomber. Instant outfit upgrade. Shop this exact look on shelf: https://www.meesho.com/mbappe-10-real-madrid-2026-27-3rd-kit-embroidery/p/hoorf4,https://www.meesho.com/mbappe-10-real-madrid-2026-27-3rd-kit-embroidery/p/hoorf4,2026-10-03,"F1 Jacket, Racing Bomber, Streetwear Style, Oversized Fit, Vintage Lookbook"
Argentina Midnight Blue #10 Messi Phantom Edition | Under ₹549,/images/meesho-elegant-casual-white-top.webp,Vintage F1 & Streetwear,🏎️ Heavyweight Vintage F1 Racing Bomber. Instant outfit upgrade. Shop this exact look on shelf: https://www.meesho.com/embroidery-argentina-midnight-blue-10-messi-phantom-edition-premium-football-jersey/p/f9k9l6,https://www.meesho.com/embroidery-argentina-midnight-blue-10-messi-phantom-edition-premium-football-jersey/p/f9k9l6,2026-10-03,"F1 Jacket, Racing Bomber, Streetwear Style, Oversized Fit, Vintage Lookbook"
Manchester City Haaland #9 Sky Blue Jersey | Under ₹549,https://images.meesho.com/images/products/446268801/zsz5a_512.webp,Vintage F1 & Streetwear,🏎️ Heavyweight Vintage F1 Racing Bomber. Instant outfit upgrade. Shop this exact look on shelf: https://www.meesho.com/manchester-city-haaland-9-sky-blue-embroidered-jersey/p/ha4eb9,https://www.meesho.com/manchester-city-haaland-9-sky-blue-embroidered-jersey/p/ha4eb9,2026-10-03,"F1 Jacket, Racing Bomber, Streetwear Style, Oversized Fit, Vintage Lookbook"
Brazil 24/25 Neymar Jr #10 Iconic Home Jersey | Under ₹549,https://images.meesho.com/images/products/439777824/j7nzy_512.webp,Vintage F1 & Streetwear,🏎️ Heavyweight Vintage F1 Racing Bomber. Instant outfit upgrade. Shop this exact look on shelf: https://www.meesho.com/brazil-neymar-jr-10-iconic-yellow-home-edition-premium-football-jersey-samba-legend-match-style/p/fb84d8,https://www.meesho.com/brazil-neymar-jr-10-iconic-yellow-home-edition-premium-football-jersey-samba-legend-match-style/p/fb84d8,2026-10-03,"F1 Jacket, Racing Bomber, Streetwear Style, Oversized Fit, Vintage Lookbook"
Daily-wear printed side-tie kurti | Under ₹307,https://images.meesho.com/images/products/542355935/8yqj09_512.webp,Navratri & Garba Outfits,🔥 Navratri 2026: The viral garba fit that stops the scroll! ✨ Shop this exact look on shelf: https://www.meesho.com/daily-wear-kurticasual-top-kurtifancystylishcollage-wearoffice-wearethnic-kurti/p/hgyhrb,https://www.meesho.com/daily-wear-kurticasual-top-kurtifancystylishcollage-wearoffice-wearethnic-kurti/p/hgyhrb,2026-10-03,"Navratri 2026, Garba Outfit, Mirror Work Kurti, Desi Aesthetic, Festive Finds"
FC Barcelona Lamine Yamal #10 Blaugrana Kit | Under ₹539,https://images.meesho.com/images/products/435133645/e4j5t_512.webp,Vintage F1 & Streetwear,🏎️ Heavyweight Vintage F1 Racing Bomber. Instant outfit upgrade. Shop this exact look on shelf: https://www.meesho.com/fc-barcelona-home-jersey-lamine-yamal-10-blaugrana-match-style-football-t-shirt/p/b8jiod,https://www.meesho.com/fc-barcelona-home-jersey-lamine-yamal-10-blaugrana-match-style-football-t-shirt/p/b8jiod,2026-10-03,"F1 Jacket, Racing Bomber, Streetwear Style, Oversized Fit, Vintage Lookbook"
Plaid bow-front peplum shirt | Under ₹257,https://images.meesho.com/images/products/542355935/8yqj09_512.webp,Aesthetic Fashion Curations,✨ Effortless chic dailywear pick. Super comfortable and budget-friendly. Shop this exact look on shelf: https://www.meesho.com/trendy-womens-summer-plaid-shirt-bow-tie-front-cute-puff-sleeve-peplum-ruffle-babydoll-blouse-lace-up-summer-going-out/p/hxi020,https://www.meesho.com/trendy-womens-summer-plaid-shirt-bow-tie-front-cute-puff-sleeve-peplum-ruffle-babydoll-blouse-lace-up-summer-going-out/p/hxi020,2026-10-03,"OOTD, Aesthetic Fashion, Gen Z Style, Fashion Finds, Pinterest Inspo"
Brown casual top | Under ₹206,https://images.meesho.com/images/products/542355935/8yqj09_512.webp,Aesthetic Fashion Curations,✨ Effortless chic dailywear pick. Super comfortable and budget-friendly. Shop this exact look on shelf: https://www.meesho.com/new-styles-trendy-casual-top-pico-ofsolderbrown/p/6ftmb2,https://www.meesho.com/new-styles-trendy-casual-top-pico-ofsolderbrown/p/6ftmb2,2026-10-03,"OOTD, Aesthetic Fashion, Gen Z Style, Fashion Finds, Pinterest Inspo"
Maroon printed V-neck tunic top | Under ₹288,https://images.meesho.com/images/products/542355935/8yqj09_512.webp,Aesthetic Fashion Curations,✨ Effortless chic dailywear pick. Super comfortable and budget-friendly. Shop this exact look on shelf: https://www.meesho.com/s/p/g89cvl,https://www.meesho.com/s/p/g89cvl,2026-10-03,"OOTD, Aesthetic Fashion, Gen Z Style, Fashion Finds, Pinterest Inspo"
Floral-print sheer mesh top | Under ₹463,https://images.meesho.com/images/products/542355935/8yqj09_512.webp,Aesthetic Fashion Curations,✨ Effortless chic dailywear pick. Super comfortable and budget-friendly. Shop this exact look on shelf: https://www.meesho.com/floral-print-mesh-top-for-women-elegant-high-neck-full-sleeve-sheer-net-blouse-stylish-party-wear-casual-western-tunic-for-girls-trendy-see-through-fashion-top/p/i57vfs,https://www.meesho.com/floral-print-mesh-top-for-women-elegant-high-neck-full-sleeve-sheer-net-blouse-stylish-party-wear-casual-western-tunic-for-girls-trendy-see-through-fashion-top/p/i57vfs,2026-10-03,"OOTD, Aesthetic Fashion, Gen Z Style, Fashion Finds, Pinterest Inspo"
Printed side-dori top | Under ₹246,https://images.meesho.com/images/products/542355935/8yqj09_512.webp,Aesthetic Fashion Curations,✨ Effortless chic dailywear pick. Super comfortable and budget-friendly. Shop this exact look on shelf: https://www.meesho.com/printed-side-dori-top/p/i0yzat,https://www.meesho.com/printed-side-dori-top/p/i0yzat,2026-10-03,"OOTD, Aesthetic Fashion, Gen Z Style, Fashion Finds, Pinterest Inspo"
Peach botanical-print short kurti | Under ₹303,https://images.meesho.com/images/products/542355935/8yqj09_512.webp,Navratri & Garba Outfits,🔥 Navratri 2026: The viral garba fit that stops the scroll! ✨ Shop this exact look on shelf: https://www.meesho.com/womens-peach-printed-cotton-new-stylish-fashionable-trendy-tops-tunics-for-casual-party-wear-short-kurtis-with-bell-sleeves/p/ibkwbi,https://www.meesho.com/womens-peach-printed-cotton-new-stylish-fashionable-trendy-tops-tunics-for-casual-party-wear-short-kurtis-with-bell-sleeves/p/ibkwbi,2026-10-03,"Navratri 2026, Garba Outfit, Mirror Work Kurti, Desi Aesthetic, Festive Finds"
Beige floral tie-up top | Under ₹247,https://images.meesho.com/images/products/542355935/8yqj09_512.webp,Aesthetic Fashion Curations,✨ Effortless chic dailywear pick. Super comfortable and budget-friendly. Shop this exact look on shelf: https://www.meesho.com/casual-top-wear-for-girls/p/i8bl8t,https://www.meesho.com/casual-top-wear-for-girls/p/i8bl8t,2026-10-03,"OOTD, Aesthetic Fashion, Gen Z Style, Fashion Finds, Pinterest Inspo"
Yellow floral side-dori top | Under ₹288,https://images.meesho.com/images/products/542355935/8yqj09_512.webp,Aesthetic Fashion Curations,✨ Effortless chic dailywear pick. Super comfortable and budget-friendly. Shop this exact look on shelf: https://www.meesho.com/2-yellow-full-vayral-side-dori-top/p/i9l5pc,https://www.meesho.com/2-yellow-full-vayral-side-dori-top/p/i9l5pc,2026-10-03,"OOTD, Aesthetic Fashion, Gen Z Style, Fashion Finds, Pinterest Inspo"
Red checked cotton crop top | Under ₹233,https://images.meesho.com/images/products/542355935/8yqj09_512.webp,Aesthetic Fashion Curations,✨ Effortless chic dailywear pick. Super comfortable and budget-friendly. Shop this exact look on shelf: https://www.meesho.com/women-strip-stylish-cotton-crop-top/p/hxzdqs,https://www.meesho.com/women-strip-stylish-cotton-crop-top/p/hxzdqs,2026-10-03,"OOTD, Aesthetic Fashion, Gen Z Style, Fashion Finds, Pinterest Inspo"
Peach embroidered tunic top | Under ₹233,https://images.meesho.com/images/products/542355935/8yqj09_512.webp,Navratri & Garba Outfits,🔥 Navratri 2026: The viral garba fit that stops the scroll! ✨ Shop this exact look on shelf: https://www.meesho.com/utsaahit-peach-embroidery-tunic-short-kurta-top/p/ibf8li,https://www.meesho.com/utsaahit-peach-embroidery-tunic-short-kurta-top/p/ibf8li,2026-10-03,"Navratri 2026, Garba Outfit, Mirror Work Kurti, Desi Aesthetic, Festive Finds"
Blue checked puff-sleeve peplum top | Under ₹233,https://images.meesho.com/images/products/542355935/8yqj09_512.webp,Aesthetic Fashion Curations,✨ Effortless chic dailywear pick. Super comfortable and budget-friendly. Shop this exact look on shelf: https://www.meesho.com/women-fashion-top-stylish-top-for-girls-cotton-look-top-summer-top-for-women-party-wear-top-trendy-women-top-casual-western-wear-red-white-top-checked-peplum-top/p/hxa80s,https://www.meesho.com/women-fashion-top-stylish-top-for-girls-cotton-look-top-summer-top-for-women-party-wear-top-trendy-women-top-casual-western-wear-red-white-top-checked-peplum-top/p/hxa80s,2026-10-03,"OOTD, Aesthetic Fashion, Gen Z Style, Fashion Finds, Pinterest Inspo"
Magenta pink tiered V-neck top | Under ₹451,https://images.meesho.com/images/products/542355935/8yqj09_512.webp,Aesthetic Fashion Curations,✨ Effortless chic dailywear pick. Super comfortable and budget-friendly. Shop this exact look on shelf: https://www.meesho.com/s/p/icis10,https://www.meesho.com/s/p/icis10,2026-10-03,"OOTD, Aesthetic Fashion, Gen Z Style, Fashion Finds, Pinterest Inspo"
Red gingham puff-sleeve peplum top | Under ₹234,https://images.meesho.com/images/products/542355935/8yqj09_512.webp,Aesthetic Fashion Curations,✨ Effortless chic dailywear pick. Super comfortable and budget-friendly. Shop this exact look on shelf: https://www.meesho.com/s/p/i5xnpq,https://www.meesho.com/s/p/i5xnpq,2026-10-03,"OOTD, Aesthetic Fashion, Gen Z Style, Fashion Finds, Pinterest Inspo"
White ribbed tie-front peplum top | Under ₹273,https://images.meesho.com/images/products/542355935/8yqj09_512.webp,Aesthetic Fashion Curations,✨ Effortless chic dailywear pick. Super comfortable and budget-friendly. Shop this exact look on shelf: https://www.meesho.com/s/p/icbsva,https://www.meesho.com/s/p/icbsva,2026-10-03,"OOTD, Aesthetic Fashion, Gen Z Style, Fashion Finds, Pinterest Inspo"
Imported Turkish mesh crop top | Under ₹463,https://images.meesho.com/images/products/542355935/8yqj09_512.webp,Aesthetic Fashion Curations,✨ Effortless chic dailywear pick. Super comfortable and budget-friendly. Shop this exact look on shelf: https://www.meesho.com/s/p/hs9m2g,https://www.meesho.com/s/p/hs9m2g,2026-10-03,"OOTD, Aesthetic Fashion, Gen Z Style, Fashion Finds, Pinterest Inspo"
Pink gingham puff-sleeve top | Under ₹233,https://images.meesho.com/images/products/542355935/8yqj09_512.webp,Aesthetic Fashion Curations,✨ Effortless chic dailywear pick. Super comfortable and budget-friendly. Shop this exact look on shelf: https://www.meesho.com/s/p/hx9n0y,https://www.meesho.com/s/p/hx9n0y,2026-10-03,"OOTD, Aesthetic Fashion, Gen Z Style, Fashion Finds, Pinterest Inspo"
Green western long-sleeve top | Under ₹320,https://images.meesho.com/images/products/542355935/8yqj09_512.webp,Aesthetic Fashion Curations,✨ Effortless chic dailywear pick. Super comfortable and budget-friendly. Shop this exact look on shelf: https://www.meesho.com/s/p/iah4lm,https://www.meesho.com/s/p/iah4lm,2026-10-03,"OOTD, Aesthetic Fashion, Gen Z Style, Fashion Finds, Pinterest Inspo"
Kashmira floral cotton top | Under ₹358,https://images.meesho.com/images/products/542355935/8yqj09_512.webp,Aesthetic Fashion Curations,✨ Effortless chic dailywear pick. Super comfortable and budget-friendly. Shop this exact look on shelf: https://www.meesho.com/s/p/hswwdx,https://www.meesho.com/s/p/hswwdx,2026-10-03,"OOTD, Aesthetic Fashion, Gen Z Style, Fashion Finds, Pinterest Inspo"
Yellow checked puff-sleeve top | Under ₹250,https://images.meesho.com/images/products/542355935/8yqj09_512.webp,Aesthetic Fashion Curations,✨ Effortless chic dailywear pick. Super comfortable and budget-friendly. Shop this exact look on shelf: https://www.meesho.com/s/p/iawjwy,https://www.meesho.com/s/p/iawjwy,2026-10-03,"OOTD, Aesthetic Fashion, Gen Z Style, Fashion Finds, Pinterest Inspo"
Black checked cotton top | Under ₹238,https://images.meesho.com/images/products/542355935/8yqj09_512.webp,Aesthetic Fashion Curations,✨ Effortless chic dailywear pick. Super comfortable and budget-friendly. Shop this exact look on shelf: https://www.meesho.com/s/p/i47gkn,https://www.meesho.com/s/p/i47gkn,2026-10-03,"OOTD, Aesthetic Fashion, Gen Z Style, Fashion Finds, Pinterest Inspo"
Beige floral V-neck top | Under ₹320,https://images.meesho.com/images/products/542355935/8yqj09_512.webp,Aesthetic Fashion Curations,✨ Effortless chic dailywear pick. Super comfortable and budget-friendly. Shop this exact look on shelf: https://www.meesho.com/s/p/i72g4z,https://www.meesho.com/s/p/i72g4z,2026-10-03,"OOTD, Aesthetic Fashion, Gen Z Style, Fashion Finds, Pinterest Inspo"
Kashmira floral cotton top · BB | Under ₹359,https://images.meesho.com/images/products/542355935/8yqj09_512.webp,Aesthetic Fashion Curations,✨ Effortless chic dailywear pick. Super comfortable and budget-friendly. Shop this exact look on shelf: https://www.meesho.com/s/p/hsxhuc,https://www.meesho.com/s/p/hsxhuc,2026-10-03,"OOTD, Aesthetic Fashion, Gen Z Style, Fashion Finds, Pinterest Inspo"
Gingham puff-sleeve peplum top | Under ₹357,https://images.meesho.com/images/products/542355935/8yqj09_512.webp,Aesthetic Fashion Curations,✨ Effortless chic dailywear pick. Super comfortable and budget-friendly. Shop this exact look on shelf: https://www.meesho.com/s/p/hvahpb,https://www.meesho.com/s/p/hvahpb,2026-10-03,"OOTD, Aesthetic Fashion, Gen Z Style, Fashion Finds, Pinterest Inspo"
Black printed corset-style tunic | Under ₹289,https://images.meesho.com/images/products/542355935/8yqj09_512.webp,Aesthetic Fashion Curations,✨ Effortless chic dailywear pick. Super comfortable and budget-friendly. Shop this exact look on shelf: https://www.meesho.com/s/p/i1vg7j,https://www.meesho.com/s/p/i1vg7j,2026-10-03,"OOTD, Aesthetic Fashion, Gen Z Style, Fashion Finds, Pinterest Inspo"
Purple floral printed top | Under ₹289,https://images.meesho.com/images/products/542355935/8yqj09_512.webp,Aesthetic Fashion Curations,✨ Effortless chic dailywear pick. Super comfortable and budget-friendly. Shop this exact look on shelf: https://www.meesho.com/s/p/i81kkl,https://www.meesho.com/s/p/i81kkl,2026-10-03,"OOTD, Aesthetic Fashion, Gen Z Style, Fashion Finds, Pinterest Inspo"
Jaipuri floral empire top · blue | Under ₹310,https://images.meesho.com/images/products/542355935/8yqj09_512.webp,Aesthetic Fashion Curations,✨ Effortless chic dailywear pick. Super comfortable and budget-friendly. Shop this exact look on shelf: https://www.meesho.com/s/p/ibehh3,https://www.meesho.com/s/p/ibehh3,2026-10-03,"OOTD, Aesthetic Fashion, Gen Z Style, Fashion Finds, Pinterest Inspo"
Floral V-neck longline tunic | Under ₹279,https://images.meesho.com/images/products/542355935/8yqj09_512.webp,Aesthetic Fashion Curations,✨ Effortless chic dailywear pick. Super comfortable and budget-friendly. Shop this exact look on shelf: https://www.meesho.com/s/p/ibgu6i,https://www.meesho.com/s/p/ibgu6i,2026-10-03,"OOTD, Aesthetic Fashion, Gen Z Style, Fashion Finds, Pinterest Inspo"
Printed short kurti | Under ₹259,https://images.meesho.com/images/products/542355935/8yqj09_512.webp,Navratri & Garba Outfits,🔥 Navratri 2026: The viral garba fit that stops the scroll! ✨ Shop this exact look on shelf: https://www.meesho.com/s/p/i2opo7,https://www.meesho.com/s/p/i2opo7,2026-10-03,"Navratri 2026, Garba Outfit, Mirror Work Kurti, Desi Aesthetic, Festive Finds"
Pink & blue striped top set | Under ₹262,https://images.meesho.com/images/products/542355935/8yqj09_512.webp,Aesthetic Fashion Curations,✨ Effortless chic dailywear pick. Super comfortable and budget-friendly. Shop this exact look on shelf: https://www.meesho.com/s/p/hzxq6a,https://www.meesho.com/s/p/hzxq6a,2026-10-03,"OOTD, Aesthetic Fashion, Gen Z Style, Fashion Finds, Pinterest Inspo"
Pink printed short top | Under ₹229,https://images.meesho.com/images/products/542355935/8yqj09_512.webp,Aesthetic Fashion Curations,✨ Effortless chic dailywear pick. Super comfortable and budget-friendly. Shop this exact look on shelf: https://www.meesho.com/s/p/hz5oo6,https://www.meesho.com/s/p/hz5oo6,2026-10-03,"OOTD, Aesthetic Fashion, Gen Z Style, Fashion Finds, Pinterest Inspo"
Green rayon A-line top | Under ₹259,https://images.meesho.com/images/products/542355935/8yqj09_512.webp,Aesthetic Fashion Curations,✨ Effortless chic dailywear pick. Super comfortable and budget-friendly. Shop this exact look on shelf: https://www.meesho.com/s/p/i17z2m,https://www.meesho.com/s/p/i17z2m,2026-10-03,"OOTD, Aesthetic Fashion, Gen Z Style, Fashion Finds, Pinterest Inspo"
White double-side dori top | Under ₹288,https://images.meesho.com/images/products/542355935/8yqj09_512.webp,Aesthetic Fashion Curations,✨ Effortless chic dailywear pick. Super comfortable and budget-friendly. Shop this exact look on shelf: https://www.meesho.com/s/p/i89ubp,https://www.meesho.com/s/p/i89ubp,2026-10-03,"OOTD, Aesthetic Fashion, Gen Z Style, Fashion Finds, Pinterest Inspo"
Jaipuri floral empire top · yellow | Under ₹310,https://images.meesho.com/images/products/542355935/8yqj09_512.webp,Aesthetic Fashion Curations,✨ Effortless chic dailywear pick. Super comfortable and budget-friendly. Shop this exact look on shelf: https://www.meesho.com/s/p/ibf265,https://www.meesho.com/s/p/ibf265,2026-10-03,"OOTD, Aesthetic Fashion, Gen Z Style, Fashion Finds, Pinterest Inspo"
Orange printed rayon top | Under ₹301,https://images.meesho.com/images/products/542355935/8yqj09_512.webp,Aesthetic Fashion Curations,✨ Effortless chic dailywear pick. Super comfortable and budget-friendly. Shop this exact look on shelf: https://www.meesho.com/s/p/i9m3al,https://www.meesho.com/s/p/i9m3al,2026-10-03,"OOTD, Aesthetic Fashion, Gen Z Style, Fashion Finds, Pinterest Inspo"
Beige floral side-tie top | Under ₹289,https://images.meesho.com/images/products/542355935/8yqj09_512.webp,Aesthetic Fashion Curations,✨ Effortless chic dailywear pick. Super comfortable and budget-friendly. Shop this exact look on shelf: https://www.meesho.com/s/p/i8b9kh,https://www.meesho.com/s/p/i8b9kh,2026-10-03,"OOTD, Aesthetic Fashion, Gen Z Style, Fashion Finds, Pinterest Inspo"
Black Jaipuri floral-print top | Under ₹276,https://images.meesho.com/images/products/542355935/8yqj09_512.webp,Aesthetic Fashion Curations,✨ Effortless chic dailywear pick. Super comfortable and budget-friendly. Shop this exact look on shelf: https://www.meesho.com/s/p/hy1coy,https://www.meesho.com/s/p/hy1coy,2026-10-03,"OOTD, Aesthetic Fashion, Gen Z Style, Fashion Finds, Pinterest Inspo"
White chiffon sleeveless top | Under ₹274,https://images.meesho.com/images/products/542355935/8yqj09_512.webp,Aesthetic Fashion Curations,✨ Effortless chic dailywear pick. Super comfortable and budget-friendly. Shop this exact look on shelf: https://www.meesho.com/s/p/hnhwha,https://www.meesho.com/s/p/hnhwha,2026-10-03,"OOTD, Aesthetic Fashion, Gen Z Style, Fashion Finds, Pinterest Inspo"
Maroon floral V-neck top | Under ₹278,https://images.meesho.com/images/products/542355935/8yqj09_512.webp,Aesthetic Fashion Curations,✨ Effortless chic dailywear pick. Super comfortable and budget-friendly. Shop this exact look on shelf: https://www.meesho.com/s/p/ga6wfd,https://www.meesho.com/s/p/ga6wfd,2026-10-03,"OOTD, Aesthetic Fashion, Gen Z Style, Fashion Finds, Pinterest Inspo"
Summer Turkish embroidered top | Under ₹513,https://images.meesho.com/images/products/542355935/8yqj09_512.webp,Aesthetic Fashion Curations,✨ Effortless chic dailywear pick. Super comfortable and budget-friendly. Shop this exact look on shelf: https://www.meesho.com/s/p/g59dds,https://www.meesho.com/s/p/g59dds,2026-10-03,"OOTD, Aesthetic Fashion, Gen Z Style, Fashion Finds, Pinterest Inspo"
Beige floral tie-up short kurti | Under ₹288,https://images.meesho.com/images/products/542355935/8yqj09_512.webp,Navratri & Garba Outfits,🔥 Navratri 2026: The viral garba fit that stops the scroll! ✨ Shop this exact look on shelf: https://www.meesho.com/s/p/hrc1q8,https://www.meesho.com/s/p/hrc1q8,2026-10-03,"Navratri 2026, Garba Outfit, Mirror Work Kurti, Desi Aesthetic, Festive Finds"
Teal paisley embroidered crop shirt | Under ₹297,https://images.meesho.com/images/products/542355935/8yqj09_512.webp,Aesthetic Fashion Curations,✨ Effortless chic dailywear pick. Super comfortable and budget-friendly. Shop this exact look on shelf: https://www.meesho.com/s/p/h9j1u0,https://www.meesho.com/s/p/h9j1u0,2026-10-03,"OOTD, Aesthetic Fashion, Gen Z Style, Fashion Finds, Pinterest Inspo"
Korean-inspired casual top | Under ₹165,https://images.meesho.com/images/products/542355935/8yqj09_512.webp,Aesthetic Fashion Curations,✨ Effortless chic dailywear pick. Super comfortable and budget-friendly. Shop this exact look on shelf: https://www.meesho.com/south-koria-04/p/8ulbno,https://www.meesho.com/south-koria-04/p/8ulbno,2026-10-03,"OOTD, Aesthetic Fashion, Gen Z Style, Fashion Finds, Pinterest Inspo"
Printed daily-wear short kurti | Under ₹305,https://images.meesho.com/images/products/542355935/8yqj09_512.webp,Navratri & Garba Outfits,🔥 Navratri 2026: The viral garba fit that stops the scroll! ✨ Shop this exact look on shelf: https://www.meesho.com/daily-wear-kurticasual-top-kurtifancystylishcollage-wearoffice-wearethnic-kurti/p/hgyjn7,https://www.meesho.com/daily-wear-kurticasual-top-kurtifancystylishcollage-wearoffice-wearethnic-kurti/p/hgyjn7,2026-10-03,"Navratri 2026, Garba Outfit, Mirror Work Kurti, Desi Aesthetic, Festive Finds"
Pink sweetheart tie-up top | Under ₹356,https://images.meesho.com/images/products/542355935/8yqj09_512.webp,Aesthetic Fashion Curations,✨ Effortless chic dailywear pick. Super comfortable and budget-friendly. Shop this exact look on shelf: https://www.meesho.com/s/p/d1ahvh,https://www.meesho.com/s/p/d1ahvh,2026-10-03,"OOTD, Aesthetic Fashion, Gen Z Style, Fashion Finds, Pinterest Inspo"
Yellow checked cotton peplum top | Under ₹247,https://images.meesho.com/images/products/542355935/8yqj09_512.webp,Aesthetic Fashion Curations,✨ Effortless chic dailywear pick. Super comfortable and budget-friendly. Shop this exact look on shelf: https://www.meesho.com/s/p/hovc9u,https://www.meesho.com/s/p/hovc9u,2026-10-03,"OOTD, Aesthetic Fashion, Gen Z Style, Fashion Finds, Pinterest Inspo"
Cream full-sleeve corset-fit top | Under ₹287,https://images.meesho.com/images/products/542355935/8yqj09_512.webp,Aesthetic Fashion Curations,✨ Effortless chic dailywear pick. Super comfortable and budget-friendly. Shop this exact look on shelf: https://www.meesho.com/s/p/i1x3qe,https://www.meesho.com/s/p/i1x3qe,2026-10-03,"OOTD, Aesthetic Fashion, Gen Z Style, Fashion Finds, Pinterest Inspo"
