style_id,style_title,product_title,price,fabric,color_filter,prompt,product_index
BURGUNDY_HOTEL_HALLWAY,Dim Luxury Hotel Corridor & Bodycon Drape,Trendy Fashionista Women Dresses,₹391,Lycra,"Hazy warm amber glow, soft golden undertones, velvety deep blacks","Authentic raw 35mm high-fashion editorial photograph of the exact same 21-year-old young Indian creator (natural soft-oval face shape with gentle jawline, smooth glowing warm honey skin with real fine pores and skin texture, expressive warm honey-brown almond eyes with subtle dark tightline, delicate straight nose, soft rose-pink lips with natural sheen, signature tiny round black bindi centered precisely above eyebrows, voluminous dark espresso black wavy hair styled with face-framing curtain tendrils, traditional silver oxidised bell-shaped jhumkas and delicate stacked silver bangles) wearing the Trendy Fashionista Women Dresses in premium Lycra shown in the attached product image. Pose: effortless high-fashion walking stride down a minimalist luxury hotel hallway with warm wood paneling, hands relaxed at her sides grazing the hem, slight 45-degree candid head turn away from camera. Setting & Vibe: Dim Luxury Hotel Corridor & Bodycon Drape. Lighting & Film Grade: Warm recessed ceiling cove lights casting soft downward highlights on collarbone and fabric sheen, deep moody shadows, CineStill 800T warm tungsten color grade. Color Aesthetic: Hazy warm amber glow, soft golden undertones, velvety deep blacks. Shot on Hasselblad 50mm f/1.8 / Leica M11, authentic Kodak Portra 400 / CineStill 800T natural film tones, organic optical depth of field, real fabric weave and drape, high-fashion Pinterest influencer aesthetic, zero phone in hand, zero mirror selfie, zero AI plastic smoothness, 8K ultra-detailed.",1
GRAND_MARBLE_STAIRCASE,Grand Spiral Marble Staircase Descent,Comfy Elegant Women Dresses,₹267,Lycra,"Clean luminous champagne tones, organic soft contrast, filmic highlight rolloff","Authentic raw 35mm high-fashion editorial photograph of the exact same 21-year-old young Indian creator (natural soft-oval face shape with gentle jawline, smooth glowing warm honey skin with real fine pores and skin texture, expressive warm honey-brown almond eyes with subtle dark tightline, delicate straight nose, soft rose-pink lips with natural sheen, signature tiny round black bindi centered precisely above eyebrows, voluminous dark espresso black wavy hair styled with face-framing curtain tendrils, traditional silver oxidised bell-shaped jhumkas and delicate stacked silver bangles) wearing the Comfy Elegant Women Dresses in premium Lycra shown in the attached product image. Pose: poised full-length posture descending a curved white marble staircase in a luxury neoclassical villa, one hand lightly brushing the ornate wrought-iron railing, floor-length gown trailing elegantly. Setting & Vibe: Grand Spiral Marble Staircase Descent. Lighting & Film Grade: Soft diffused palace ambient light with natural marble floor reflections, Hasselblad 50mm f/1.8 optical depth of field. Color Aesthetic: Clean luminous champagne tones, organic soft contrast, filmic highlight rolloff. Shot on Hasselblad 50mm f/1.8 / Leica M11, authentic Kodak Portra 400 / CineStill 800T natural film tones, organic optical depth of field, real fabric weave and drape, high-fashion Pinterest influencer aesthetic, zero phone in hand, zero mirror selfie, zero AI plastic smoothness, 8K ultra-detailed.",2
HAIR_LIFT_BACKLESS,Backless Lace Silhouette & Hair-Updo,Comfy Modern Women Dresses,₹342,Lycra,"Dreamy soft-focus haze, Kodak Portra 400 neutral skin tones, fine organic 35mm grain","Authentic raw 35mm high-fashion editorial photograph of the exact same 21-year-old young Indian creator (natural soft-oval face shape with gentle jawline, smooth glowing warm honey skin with real fine pores and skin texture, expressive warm honey-brown almond eyes with subtle dark tightline, delicate straight nose, soft rose-pink lips with natural sheen, signature tiny round black bindi centered precisely above eyebrows, voluminous dark espresso black wavy hair styled with face-framing curtain tendrils, traditional silver oxidised bell-shaped jhumkas and delicate stacked silver bangles) wearing the Comfy Modern Women Dresses in premium Lycra shown in the attached product image. Pose: candid rear three-quarter posture with both hands naturally gathering her long dark wavy hair up at the crown of her head, showcasing the delicate backless straps, lace patterns, and sculpted waistline. Setting & Vibe: Backless Lace Silhouette & Hair-Updo. Lighting & Film Grade: Soft natural morning daylight streaming through sheer linen curtains casting gentle contour shadows across shoulder blades. Color Aesthetic: Dreamy soft-focus haze, Kodak Portra 400 neutral skin tones, fine organic 35mm grain. Shot on Hasselblad 50mm f/1.8 / Leica M11, authentic Kodak Portra 400 / CineStill 800T natural film tones, organic optical depth of field, real fabric weave and drape, high-fashion Pinterest influencer aesthetic, zero phone in hand, zero mirror selfie, zero AI plastic smoothness, 8K ultra-detailed.",3
PENTHOUSE_BATHTUB_LOUNGE,Luxury Penthouse Bathtub Evening Glow,Trendy Graceful Women Dresses,₹353,Lycra,"Moody editorial contrast, warm rose-gold highlights, velvety soft shadows","Authentic raw 35mm high-fashion editorial photograph of the exact same 21-year-old young Indian creator (natural soft-oval face shape with gentle jawline, smooth glowing warm honey skin with real fine pores and skin texture, expressive warm honey-brown almond eyes with subtle dark tightline, delicate straight nose, soft rose-pink lips with natural sheen, signature tiny round black bindi centered precisely above eyebrows, voluminous dark espresso black wavy hair styled with face-framing curtain tendrils, traditional silver oxidised bell-shaped jhumkas and delicate stacked silver bangles) wearing the Trendy Graceful Women Dresses in premium Lycra shown in the attached product image. Pose: leaning back gracefully against a sleek freestanding oval bathtub in an aesthetic penthouse bathroom with floor-to-ceiling glass, legs softly bent in a relaxed glamorous evening pose. Setting & Vibe: Luxury Penthouse Bathtub Evening Glow. Lighting & Film Grade: Soft ambient evening light mixed with distant city lights bokeh through glass window. Color Aesthetic: Moody editorial contrast, warm rose-gold highlights, velvety soft shadows. Shot on Hasselblad 50mm f/1.8 / Leica M11, authentic Kodak Portra 400 / CineStill 800T natural film tones, organic optical depth of field, real fabric weave and drape, high-fashion Pinterest influencer aesthetic, zero phone in hand, zero mirror selfie, zero AI plastic smoothness, 8K ultra-detailed.",4
TERRACOTTA_SUMMER_BREEZE,Sun-Drenched Terracotta & Cottagecore Glow,Classic Modern Women Dresses,₹551,Super Net,"Warm honey-golden sun haze, vibrant earthy tones, rich tactile fabric texture","Authentic raw 35mm high-fashion editorial photograph of the exact same 21-year-old young Indian creator (natural soft-oval face shape with gentle jawline, smooth glowing warm honey skin with real fine pores and skin texture, expressive warm honey-brown almond eyes with subtle dark tightline, delicate straight nose, soft rose-pink lips with natural sheen, signature tiny round black bindi centered precisely above eyebrows, voluminous dark espresso black wavy hair styled with face-framing curtain tendrils, traditional silver oxidised bell-shaped jhumkas and delicate stacked silver bangles) wearing the Classic Modern Women Dresses in premium Super Net shown in the attached product image. Pose: standing beside a rustic sunlit terracotta wall with climbing green vines, gentle side profile looking down thoughtfully with delicate floral earring catching the light. Setting & Vibe: Sun-Drenched Terracotta & Cottagecore Glow. Lighting & Film Grade: Direct warm golden hour afternoon sun casting crisp architectural tree shadows across the dress. Color Aesthetic: Warm honey-golden sun haze, vibrant earthy tones, rich tactile fabric texture. Shot on Hasselblad 50mm f/1.8 / Leica M11, authentic Kodak Portra 400 / CineStill 800T natural film tones, organic optical depth of field, real fabric weave and drape, high-fashion Pinterest influencer aesthetic, zero phone in hand, zero mirror selfie, zero AI plastic smoothness, 8K ultra-detailed.",5
YACHT_DECK_WIND_FLOW,Open-Air Yacht Terrace Breeze Flow,Comfy Ravishing Women Dresses,₹342,Lycra,"Crisp sun-kissed natural tones, soft pastel sky gradient, zero artificial oversaturation","Authentic raw 35mm high-fashion editorial photograph of the exact same 21-year-old young Indian creator (natural soft-oval face shape with gentle jawline, smooth glowing warm honey skin with real fine pores and skin texture, expressive warm honey-brown almond eyes with subtle dark tightline, delicate straight nose, soft rose-pink lips with natural sheen, signature tiny round black bindi centered precisely above eyebrows, voluminous dark espresso black wavy hair styled with face-framing curtain tendrils, traditional silver oxidised bell-shaped jhumkas and delicate stacked silver bangles) wearing the Comfy Ravishing Women Dresses in premium Lycra shown in the attached product image. Pose: standing gracefully on a sunny teak wood yacht balcony deck, one hand steadying the hem as gentle coastal breeze catches the ruffled slit, natural organic kinetic movement. Setting & Vibe: Open-Air Yacht Terrace Breeze Flow. Lighting & Film Grade: Brilliant open-sky Mediterranean daylight with soft warm rim light along dark wavy hair. Color Aesthetic: Crisp sun-kissed natural tones, soft pastel sky gradient, zero artificial oversaturation. Shot on Hasselblad 50mm f/1.8 / Leica M11, authentic Kodak Portra 400 / CineStill 800T natural film tones, organic optical depth of field, real fabric weave and drape, high-fashion Pinterest influencer aesthetic, zero phone in hand, zero mirror selfie, zero AI plastic smoothness, 8K ultra-detailed.",6
EUROPEAN_CAFE_CANDID,Chic Street Cafe Date Outfit,Urbane Partywear Women Dresses,₹420,Cotton Blend,"Editorial fashion magazine color science, creamy 85mm background blur","Authentic raw 35mm high-fashion editorial photograph of the exact same 21-year-old young Indian creator (natural soft-oval face shape with gentle jawline, smooth glowing warm honey skin with real fine pores and skin texture, expressive warm honey-brown almond eyes with subtle dark tightline, delicate straight nose, soft rose-pink lips with natural sheen, signature tiny round black bindi centered precisely above eyebrows, voluminous dark espresso black wavy hair styled with face-framing curtain tendrils, traditional silver oxidised bell-shaped jhumkas and delicate stacked silver bangles) wearing the Urbane Partywear Women Dresses in premium Cotton Blend shown in the attached product image. Pose: standing or seated next to an outdoor Parisian cafe bistro marble table with espresso cup, candid relaxed smile gazing slightly off-camera. Setting & Vibe: Chic Street Cafe Date Outfit. Lighting & Film Grade: Natural side daylight filtering through street trees with soft ambient bounce. Color Aesthetic: Editorial fashion magazine color science, creamy 85mm background blur. Shot on Hasselblad 50mm f/1.8 / Leica M11, authentic Kodak Portra 400 / CineStill 800T natural film tones, organic optical depth of field, real fabric weave and drape, high-fashion Pinterest influencer aesthetic, zero phone in hand, zero mirror selfie, zero AI plastic smoothness, 8K ultra-detailed.",7
BURGUNDY_HOTEL_HALLWAY,Dim Luxury Hotel Corridor & Bodycon Drape,Classic Glamorous Women Dresses,₹318,Cotton Blend,"Hazy warm amber glow, soft golden undertones, velvety deep blacks","Authentic raw 35mm high-fashion editorial photograph of the exact same 21-year-old young Indian creator (natural soft-oval face shape with gentle jawline, smooth glowing warm honey skin with real fine pores and skin texture, expressive warm honey-brown almond eyes with subtle dark tightline, delicate straight nose, soft rose-pink lips with natural sheen, signature tiny round black bindi centered precisely above eyebrows, voluminous dark espresso black wavy hair styled with face-framing curtain tendrils, traditional silver oxidised bell-shaped jhumkas and delicate stacked silver bangles) wearing the Classic Glamorous Women Dresses in premium Cotton Blend shown in the attached product image. Pose: effortless high-fashion walking stride down a minimalist luxury hotel hallway with warm wood paneling, hands relaxed at her sides grazing the hem, slight 45-degree candid head turn away from camera. Setting & Vibe: Dim Luxury Hotel Corridor & Bodycon Drape. Lighting & Film Grade: Warm recessed ceiling cove lights casting soft downward highlights on collarbone and fabric sheen, deep moody shadows, CineStill 800T warm tungsten color grade. Color Aesthetic: Hazy warm amber glow, soft golden undertones, velvety deep blacks. Shot on Hasselblad 50mm f/1.8 / Leica M11, authentic Kodak Portra 400 / CineStill 800T natural film tones, organic optical depth of field, real fabric weave and drape, high-fashion Pinterest influencer aesthetic, zero phone in hand, zero mirror selfie, zero AI plastic smoothness, 8K ultra-detailed.",8
GRAND_MARBLE_STAIRCASE,Grand Spiral Marble Staircase Descent,Comfy Latest Women Dresses,₹342,Lycra,"Clean luminous champagne tones, organic soft contrast, filmic highlight rolloff","Authentic raw 35mm high-fashion editorial photograph of the exact same 21-year-old young Indian creator (natural soft-oval face shape with gentle jawline, smooth glowing warm honey skin with real fine pores and skin texture, expressive warm honey-brown almond eyes with subtle dark tightline, delicate straight nose, soft rose-pink lips with natural sheen, signature tiny round black bindi centered precisely above eyebrows, voluminous dark espresso black wavy hair styled with face-framing curtain tendrils, traditional silver oxidised bell-shaped jhumkas and delicate stacked silver bangles) wearing the Comfy Latest Women Dresses in premium Lycra shown in the attached product image. Pose: poised full-length posture descending a curved white marble staircase in a luxury neoclassical villa, one hand lightly brushing the ornate wrought-iron railing, floor-length gown trailing elegantly. Setting & Vibe: Grand Spiral Marble Staircase Descent. Lighting & Film Grade: Soft diffused palace ambient light with natural marble floor reflections, Hasselblad 50mm f/1.8 optical depth of field. Color Aesthetic: Clean luminous champagne tones, organic soft contrast, filmic highlight rolloff. Shot on Hasselblad 50mm f/1.8 / Leica M11, authentic Kodak Portra 400 / CineStill 800T natural film tones, organic optical depth of field, real fabric weave and drape, high-fashion Pinterest influencer aesthetic, zero phone in hand, zero mirror selfie, zero AI plastic smoothness, 8K ultra-detailed.",9
HAIR_LIFT_BACKLESS,Backless Lace Silhouette & Hair-Updo,Comfy Designer Women Dresses,₹426,Lycra,"Dreamy soft-focus haze, Kodak Portra 400 neutral skin tones, fine organic 35mm grain","Authentic raw 35mm high-fashion editorial photograph of the exact same 21-year-old young Indian creator (natural soft-oval face shape with gentle jawline, smooth glowing warm honey skin with real fine pores and skin texture, expressive warm honey-brown almond eyes with subtle dark tightline, delicate straight nose, soft rose-pink lips with natural sheen, signature tiny round black bindi centered precisely above eyebrows, voluminous dark espresso black wavy hair styled with face-framing curtain tendrils, traditional silver oxidised bell-shaped jhumkas and delicate stacked silver bangles) wearing the Comfy Designer Women Dresses in premium Lycra shown in the attached product image. Pose: candid rear three-quarter posture with both hands naturally gathering her long dark wavy hair up at the crown of her head, showcasing the delicate backless straps, lace patterns, and sculpted waistline. Setting & Vibe: Backless Lace Silhouette & Hair-Updo. Lighting & Film Grade: Soft natural morning daylight streaming through sheer linen curtains casting gentle contour shadows across shoulder blades. Color Aesthetic: Dreamy soft-focus haze, Kodak Portra 400 neutral skin tones, fine organic 35mm grain. Shot on Hasselblad 50mm f/1.8 / Leica M11, authentic Kodak Portra 400 / CineStill 800T natural film tones, organic optical depth of field, real fabric weave and drape, high-fashion Pinterest influencer aesthetic, zero phone in hand, zero mirror selfie, zero AI plastic smoothness, 8K ultra-detailed.",10
PENTHOUSE_BATHTUB_LOUNGE,Luxury Penthouse Bathtub Evening Glow,Classic Designer Women Dresses,₹464,Lycra,"Moody editorial contrast, warm rose-gold highlights, velvety soft shadows","Authentic raw 35mm high-fashion editorial photograph of the exact same 21-year-old young Indian creator (natural soft-oval face shape with gentle jawline, smooth glowing warm honey skin with real fine pores and skin texture, expressive warm honey-brown almond eyes with subtle dark tightline, delicate straight nose, soft rose-pink lips with natural sheen, signature tiny round black bindi centered precisely above eyebrows, voluminous dark espresso black wavy hair styled with face-framing curtain tendrils, traditional silver oxidised bell-shaped jhumkas and delicate stacked silver bangles) wearing the Classic Designer Women Dresses in premium Lycra shown in the attached product image. Pose: leaning back gracefully against a sleek freestanding oval bathtub in an aesthetic penthouse bathroom with floor-to-ceiling glass, legs softly bent in a relaxed glamorous evening pose. Setting & Vibe: Luxury Penthouse Bathtub Evening Glow. Lighting & Film Grade: Soft ambient evening light mixed with distant city lights bokeh through glass window. Color Aesthetic: Moody editorial contrast, warm rose-gold highlights, velvety soft shadows. Shot on Hasselblad 50mm f/1.8 / Leica M11, authentic Kodak Portra 400 / CineStill 800T natural film tones, organic optical depth of field, real fabric weave and drape, high-fashion Pinterest influencer aesthetic, zero phone in hand, zero mirror selfie, zero AI plastic smoothness, 8K ultra-detailed.",11
TERRACOTTA_SUMMER_BREEZE,Sun-Drenched Terracotta & Cottagecore Glow,Pretty Sensational Women Dresses,₹322,Rayon,"Warm honey-golden sun haze, vibrant earthy tones, rich tactile fabric texture","Authentic raw 35mm high-fashion editorial photograph of the exact same 21-year-old young Indian creator (natural soft-oval face shape with gentle jawline, smooth glowing warm honey skin with real fine pores and skin texture, expressive warm honey-brown almond eyes with subtle dark tightline, delicate straight nose, soft rose-pink lips with natural sheen, signature tiny round black bindi centered precisely above eyebrows, voluminous dark espresso black wavy hair styled with face-framing curtain tendrils, traditional silver oxidised bell-shaped jhumkas and delicate stacked silver bangles) wearing the Pretty Sensational Women Dresses in premium Rayon shown in the attached product image. Pose: standing beside a rustic sunlit terracotta wall with climbing green vines, gentle side profile looking down thoughtfully with delicate floral earring catching the light. Setting & Vibe: Sun-Drenched Terracotta & Cottagecore Glow. Lighting & Film Grade: Direct warm golden hour afternoon sun casting crisp architectural tree shadows across the dress. Color Aesthetic: Warm honey-golden sun haze, vibrant earthy tones, rich tactile fabric texture. Shot on Hasselblad 50mm f/1.8 / Leica M11, authentic Kodak Portra 400 / CineStill 800T natural film tones, organic optical depth of field, real fabric weave and drape, high-fashion Pinterest influencer aesthetic, zero phone in hand, zero mirror selfie, zero AI plastic smoothness, 8K ultra-detailed.",12
YACHT_DECK_WIND_FLOW,Open-Air Yacht Terrace Breeze Flow,Classic Partywear Women Dresses,₹342,Lycra,"Crisp sun-kissed natural tones, soft pastel sky gradient, zero artificial oversaturation","Authentic raw 35mm high-fashion editorial photograph of the exact same 21-year-old young Indian creator (natural soft-oval face shape with gentle jawline, smooth glowing warm honey skin with real fine pores and skin texture, expressive warm honey-brown almond eyes with subtle dark tightline, delicate straight nose, soft rose-pink lips with natural sheen, signature tiny round black bindi centered precisely above eyebrows, voluminous dark espresso black wavy hair styled with face-framing curtain tendrils, traditional silver oxidised bell-shaped jhumkas and delicate stacked silver bangles) wearing the Classic Partywear Women Dresses in premium Lycra shown in the attached product image. Pose: standing gracefully on a sunny teak wood yacht balcony deck, one hand steadying the hem as gentle coastal breeze catches the ruffled slit, natural organic kinetic movement. Setting & Vibe: Open-Air Yacht Terrace Breeze Flow. Lighting & Film Grade: Brilliant open-sky Mediterranean daylight with soft warm rim light along dark wavy hair. Color Aesthetic: Crisp sun-kissed natural tones, soft pastel sky gradient, zero artificial oversaturation. Shot on Hasselblad 50mm f/1.8 / Leica M11, authentic Kodak Portra 400 / CineStill 800T natural film tones, organic optical depth of field, real fabric weave and drape, high-fashion Pinterest influencer aesthetic, zero phone in hand, zero mirror selfie, zero AI plastic smoothness, 8K ultra-detailed.",13
EUROPEAN_CAFE_CANDID,Chic Street Cafe Date Outfit,Trendy Feminine Women Dresses,₹384,Lycra,"Editorial fashion magazine color science, creamy 85mm background blur","Authentic raw 35mm high-fashion editorial photograph of the exact same 21-year-old young Indian creator (natural soft-oval face shape with gentle jawline, smooth glowing warm honey skin with real fine pores and skin texture, expressive warm honey-brown almond eyes with subtle dark tightline, delicate straight nose, soft rose-pink lips with natural sheen, signature tiny round black bindi centered precisely above eyebrows, voluminous dark espresso black wavy hair styled with face-framing curtain tendrils, traditional silver oxidised bell-shaped jhumkas and delicate stacked silver bangles) wearing the Trendy Feminine Women Dresses in premium Lycra shown in the attached product image. Pose: standing or seated next to an outdoor Parisian cafe bistro marble table with espresso cup, candid relaxed smile gazing slightly off-camera. Setting & Vibe: Chic Street Cafe Date Outfit. Lighting & Film Grade: Natural side daylight filtering through street trees with soft ambient bounce. Color Aesthetic: Editorial fashion magazine color science, creamy 85mm background blur. Shot on Hasselblad 50mm f/1.8 / Leica M11, authentic Kodak Portra 400 / CineStill 800T natural film tones, organic optical depth of field, real fabric weave and drape, high-fashion Pinterest influencer aesthetic, zero phone in hand, zero mirror selfie, zero AI plastic smoothness, 8K ultra-detailed.",14
