id,title,source_platform,live_product_url,wholesale_cost,retail_market_price,net_profit_margin,affiliate_commission_payout,fabric,available_sizes,seller_name,rating,product_image_url,in_stock
MEESHO_001,Trendy Fashionista Women Dresses,Meesho,https://www.meesho.com/a-line-baby-pink-dress/p/baj21t,₹391,₹891,+₹500 (56.1%),₹58,Lycra,"XS, S, M, L, XL, XXL",Verified Creator Sourcing Hub,"⭐ 4.3 (1,200+ Reviews)",https://images.meesho.com/images/products/682813217/hbo6b_512.webp?width=360,True
MEESHO_002,Comfy Elegant Women Dresses,Meesho,https://www.meesho.com/black-printed-flower-dress/p/9t89oc,₹267,₹667,+₹400 (60.0%),₹40,Lycra,"XS, S, M, L, XL, XXL",Verified Creator Sourcing Hub,"⭐ 4.3 (1,200+ Reviews)",https://images.meesho.com/images/products/593290236/3a3fs_512.webp?width=360,True
MEESHO_003,Comfy Modern Women Dresses,Meesho,https://www.meesho.com/trendy-pink-marble-design-maxi-dress-womens-long-party-wear-dress-party-evening-wear/p/hwok7c,₹342,₹842,+₹500 (59.4%),₹51,Lycra,"XS, S, M, L, XL, XXL",Verified Creator Sourcing Hub,"⭐ 4.3 (1,200+ Reviews)",https://images.meesho.com/images/products/1082818632/hd66e_512.webp?width=360,True
MEESHO_004,Trendy Graceful Women Dresses,Meesho,https://www.meesho.com/pre-three-folwer-white-dress/p/buhc6r,₹353,₹853,+₹500 (58.6%),₹52,Lycra,"XS, S, M, L, XL, XXL",Verified Creator Sourcing Hub,"⭐ 4.3 (1,200+ Reviews)",https://images.meesho.com/images/products/716325363/pip2n_512.webp?width=360,True
MEESHO_005,Classic Modern Women Dresses,Meesho,https://www.meesho.com/sunpernet-dresses/p/gvmr0u,₹551,₹1212,+₹661 (54.5%),₹82,Super Net,"XS, S, M, L, XL, XXL",Verified Creator Sourcing Hub,"⭐ 4.3 (1,200+ Reviews)",https://images.meesho.com/images/products/1020588366/hchkt_512.webp?width=360,True
MEESHO_006,Comfy Ravishing Women Dresses,Meesho,https://www.meesho.com/womens-pink-floral-printed-party-wear-maxi-dress-sleeveless-fitted-long-dress-with-feminine-floral-pattern/p/i3c1ne,₹342,₹842,+₹500 (59.4%),₹51,Lycra,"XS, S, M, L, XL, XXL",Verified Creator Sourcing Hub,"⭐ 4.3 (1,200+ Reviews)",https://images.meesho.com/images/products/1093992026/54jat_512.webp?width=360,True
MEESHO_007,Urbane Partywear Women Dresses,Meesho,https://www.meesho.com/women-black-floral-print-flared-maxi-dress/p/id9hfh,₹420,₹920,+₹500 (54.3%),₹63,Cotton Blend,"XS, S, M, L, XL, XXL",Verified Creator Sourcing Hub,"⭐ 4.3 (1,200+ Reviews)",https://images.meesho.com/images/products/1110668669/jgtkv_512.webp?width=360,True
MEESHO_008,Classic Glamorous Women Dresses,Meesho,https://www.meesho.com/womens-cotton-blend-fit-and-flare-dress/p/id8b6i,₹318,₹818,+₹500 (61.1%),₹47,Cotton Blend,"XS, S, M, L, XL, XXL",Verified Creator Sourcing Hub,"⭐ 4.3 (1,200+ Reviews)",https://images.meesho.com/images/products/1110613914/xbhwv_512.webp?width=360,True
MEESHO_009,Comfy Latest Women Dresses,Meesho,https://www.meesho.com/elegant-women-pink-marble-print-sleeveless-maxi-gown-stylish-slim-fit-bodycon-party-wear-western-long-dress-for-cocktail-birthday-evening-occasions/p/hofzfw,₹342,₹842,+₹500 (59.4%),₹51,Lycra,"XS, S, M, L, XL, XXL",Verified Creator Sourcing Hub,"⭐ 4.3 (1,200+ Reviews)",https://images.meesho.com/images/products/1068981548/uw1ou_512.webp?width=360,True
MEESHO_010,Comfy Designer Women Dresses,Meesho,https://www.meesho.com/women-maroon-bodycon-maxi-dress-with-peplum-waist-sleeveless-party-wear-western-dress-women-maroon-textured-bodycon-maxi-dress-sleeveless-mermaid-party-wear-dress/p/i69e0n,₹426,₹926,+₹500 (54.0%),₹63,Lycra,"XS, S, M, L, XL, XXL",Verified Creator Sourcing Hub,"⭐ 4.3 (1,200+ Reviews)",https://images.meesho.com/images/products/1098906935/c540k_512.webp?width=360,True
MEESHO_011,Classic Designer Women Dresses,Meesho,https://www.meesho.com/shrastha-premium-womens-220-gsm-lycra-fit-and-flare-midi-dress-heavy-stretchable-a-line-one-piece-for-women-sleeveless-professional-western-dress-for-office-party/p/fflxkf,₹464,₹964,+₹500 (51.9%),₹69,Lycra,"XS, S, M, L, XL, XXL",Verified Creator Sourcing Hub,"⭐ 4.3 (1,200+ Reviews)",https://images.meesho.com/images/products/933210159/k5ovc_512.webp?width=360,True
MEESHO_012,Pretty Sensational Women Dresses,Meesho,https://www.meesho.com/tadap-tadap-floral-printed-fit-flare-dress/p/ibw000,₹322,₹822,+₹500 (60.8%),₹48,Rayon,"XS, S, M, L, XL, XXL",Verified Creator Sourcing Hub,"⭐ 4.3 (1,200+ Reviews)",https://images.meesho.com/images/products/1108359936/3yfah_512.webp?width=360,True
MEESHO_013,Classic Partywear Women Dresses,Meesho,https://www.meesho.com/floral-printed-long-maxi-dress-for-women-trendy-bodycon-fit-long-dress-for-party-outing-sleeveless-long-maxi-gown/p/htfszv,₹342,₹842,+₹500 (59.4%),₹51,Lycra,"XS, S, M, L, XL, XXL",Verified Creator Sourcing Hub,"⭐ 4.3 (1,200+ Reviews)",https://images.meesho.com/images/products/1077371275/nh5co_512.webp?width=360,True
MEESHO_014,Trendy Feminine Women Dresses,Meesho,https://www.meesho.com/new-woman-squre-nack-desing-puff-sleeve-maxi-drees/p/amket9,₹384,₹884,+₹500 (56.6%),₹57,Lycra,"XS, S, M, L, XL, XXL",Verified Creator Sourcing Hub,"⭐ 4.3 (1,200+ Reviews)",https://images.meesho.com/images/products/642565629/7omhc_512.webp?width=360,True
