id,title,product_url,affiliate_url,price,rating,rating_count,image_url,category,price_checked_at,ext_id,old_price,subtitle
p-meesho-sumeer-net-crop-top,Sumeer net crop top,https://www.meesho.com/women-western-wear-sumeer-net-crop-top/p/8yqj09,,333,4.1,1558,/images/meesho-sumeer-net-crop-top.webp,Tops & Tunics,2026-10-03,8yqj09,419,Beige · net fabric · short sleeves
p-meesho-square-print-top,Square-neck printed long-sleeve top,https://www.meesho.com/casual-polyester-blend-square-neck-and-long-sleeves-stylish-printed-top-23inches/p/3oid3q,,216,4.2,11870,/images/meesho-western-square-print-top.webp,Tops & Tunics,2026-10-03,3oid3q,299,Polyester blend · women’s western wear
p-meesho-black-highneck-top,Black animal-print high-neck top,https://www.meesho.com/casual-polyester-blend-high-neck-long-sleeves-animal-printed-black-stylish-top-23-inches/p/5w5kd6,,224,4.3,2440,/images/meesho-western-black-highneck.webp,Tops & Tunics,2026-10-03,5w5kd6,289,Long sleeves · polyester blend
p-meesho-black-offshoulder-top,Black off-shoulder top,https://www.meesho.com/trendy-piko-of-solder-top-black/p/6fjd2s,,196,3.9,19697,/images/meesho-western-offshoulder-black.webp,Tops & Tunics,2026-10-03,6fjd2s,259,Women’s western wear · Meesho listing
p-meesho-lace-cutout-top,Lace-detail cut-out top,https://www.meesho.com/women-contrast-lace-armhole-cut-out-keyhole-back-tops-for-women-girls/p/60z2eh,,282,4.6,5972,/images/meesho-western-lace-cutout.webp,Tops & Tunics,2026-10-03,60z2eh,349,Keyhole-back detail · women’s topwear
p-meesho-party-wear-top,Party-wear top,https://www.meesho.com/party-wear-top/p/91navc,,161,4.2,1152,/images/meesho-western-party-top.webp,Tops & Tunics,2026-10-03,91navc,219,Women’s western wear · Meesho listing
p-meesho-brown-casual-top,Brown casual top,https://www.meesho.com/new-styles-trendy-casual-top-pico-ofsolderbrown/p/6ftmb2,,206,4.1,249,/images/meesho-western-brown-top.webp,Tops & Tunics,2026-10-03,6ftmb2,259,Women’s western wear · Meesho listing
p-meesho-hollowout-long-sleeve-top,Hollow-out long-sleeve top,https://www.meesho.com/hollow-out-slim-fit-long-sleeve-top-for-girls/p/7sr163,,238,4.3,3742,/images/meesho-western-hollowout-top.webp,Tops & Tunics,2026-10-03,7sr163,299,Slim fit · women’s western wear
p-meesho-elegant-women-top,Elegant women’s top,https://www.meesho.com/pritty-glamorous-women-top-tonic/p/7g8eff,,196,4.0,6803,/images/meesho-western-elegant-top.webp,Tops & Tunics,2026-10-03,7g8eff,279,Women’s western wear · Meesho listing
p-meesho-highneck-short-sleeve-top,High-neck short-sleeve top,https://www.meesho.com/casual-polyester-blend-high-neck-short-sleeves-stylish-top-23inches/p/37maln,,212,4.2,1818,/images/meesho-western-highneck-short.webp,Tops & Tunics,2026-10-03,37maln,299,Polyester blend · casual western wear
p-meesho-floral-mesh-top,Floral-print sheer mesh top,https://www.meesho.com/floral-print-mesh-top-for-women-elegant-high-neck-full-sleeve-sheer-net-blouse-stylish-party-wear-casual-western-tunic-for-girls-trendy-see-through-fashion-top/p/i57vfs,,463,,,/images/meesho-western-floral-mesh.webp,Tops & Tunics,2026-10-03,i57vfs,639,High neck · long sleeve · party-ready
p-meesho-urbane-modern-top,Urbane modern women’s top,https://www.meesho.com/trendy-woman-top/p/8dlzq8,,175,4.0,5435,/images/meesho-western-urbane-modern.webp,Tops & Tunics,2026-10-03,8dlzq8,219,Women’s western wear · Meesho listing
p-meesho-pretty-fabulous-top,Pretty fabulous long-sleeve top,https://www.meesho.com/letest-elegant-long-sleeve-topfor-girls/p/7wzhy7,,250,4.2,1517,/images/meesho-western-pretty-fabulous.webp,Tops & Tunics,2026-10-03,7wzhy7,349,Women’s western wear · Meesho listing
p-meesho-ruffle-tube-top,Off-shoulder ruffle-hem top,https://www.meesho.com/drawstring-front-off-shoulder-ruffle-hem-tube-top/p/6bw73t,,326,4.3,11339,/images/meesho-western-ruffle-tube-top.webp,Tops & Tunics,2026-10-03,6bw73t,449,Women’s topwear · Meesho listing
p-meesho-vneck-flared-top,V-neck flared-sleeve top,https://www.meesho.com/lettuce-notched-v-neck-flared-sleeve-top/p/8td8d8,,247,4.0,3089,/images/meesho-western-vneck-flare.webp,Tops & Tunics,2026-10-03,8td8d8,329,Women’s western wear · Meesho listing
p-meesho-korean-long-sleeve-top,Long-sleeve Korean-style top,https://www.meesho.com/letest-long-sleeve-south-koria-casual-wear/p/6pxx46,,216,4.1,6974,/images/meesho-western-korean-long-sleeve.webp,Tops & Tunics,2026-10-03,6pxx46,269,Women’s casual wear · Meesho listing
p-meesho-dori-poncho-top,Imported dori-style poncho top,https://www.meesho.com/imported-dori-style-ponchu/p/8n98vw,,533,4.3,852,/images/meesho-western-dori-poncho.webp,Tops & Tunics,2026-10-03,8n98vw,679,Women’s topwear · Meesho listing
p-meesho-korean-casual-top,Korean-inspired casual top,https://www.meesho.com/south-koria-04/p/8ulbno,,165,3.9,111,/images/meesho-western-korean-top.webp,Tops & Tunics,2026-10-03,8ulbno,229,Women’s western wear · Meesho listing
p-meesho-tote,Canvas tote with a happy print,https://www.meesho.com/tote-bags-for-women-girls-canvas-cute-tote-bags-fashion-bag-for-college-office/p/6t8k9b,,270,,,/images/meesho-canvas-tote.webp,,,6t8k9b,,
p-winter-pink-puffer,Hot-pink cropped puffer jacket,https://www.meesho.com/hot-pink-puffer-jacket-for-women/p/7ubl63,,412,,,/images/meesho-hot-pink-puffer.webp,,,7ubl63,,
p-meesho-earrings,10-pair everyday earrings edit,https://www.meesho.com/small-earrings-pair-of-10-combo/p/5xcd6h,,155,3.9,1149,/images/meesho-earrings-combo.webp,,,5xcd6h,,
p-meesho-kurti,Vidusha blue-print cotton kurti set,https://www.meesho.com/vidusha-printed-soft-cotton-kurti-set-for-womens/p/7ql4tg,,478,4.1,,/images/meesho-kurti-set.webp,,,7ql4tg,,
p-meesho-lamp,Antique table lamp with jute shade,https://www.meesho.com/antique-table-lamp-with-jute-shade/p/7gk5gy,,796,,,/images/meesho-jute-lamp.webp,,,7gk5gy,,
p-winter-cardigan,Black v-neck wool-blend cardigan,https://www.meesho.com/premium-black-wool-blend-winter-cardigansweater-for-women/p/a9tn1w,,207,3.8,38,/images/meesho-black-cardigan.webp,,,a9tn1w,,
p-winter-shawl,Kashmiri-feel embroidered wool stole,https://www.meesho.com/kashmiri-shawl-stole-for-women-pashmina-feel-woolen-embroidery-jaal-shawls-for-winter-28-x-80-inches-wraps/p/3b6toh,,274,3.9,503,/images/meesho-kashmiri-shawl.webp,,,3b6toh,,
p-winter-vest,Quilted puffer vest,https://www.meesho.com/trendy-puffer-vest-jacket-for-women-stylish-cozy-winter-wear/p/7kphk7,,439,4.0,84,/images/meesho-puffer-vest.webp,,,7kphk7,,
p-meesho-dailywear-kurti-hgyhrb,Daily-wear printed side-tie kurti,https://www.meesho.com/daily-wear-kurticasual-top-kurtifancystylishcollage-wearoffice-wearethnic-kurti/p/hgyhrb,,307,4.3,266,https://images.meesho.com/images/products/1056408167/krjcw_512.webp?width=512,Kurtis,2026-10-03,hgyhrb,379,Beige rayon · sweetheart neck · long sleeves
p-meesho-peach-short-kurti-ibkwbi,Peach botanical-print short kurti,https://www.meesho.com/womens-peach-printed-cotton-new-stylish-fashionable-trendy-tops-tunics-for-casual-party-wear-short-kurtis-with-bell-sleeves/p/ibkwbi,,303,,,https://images.meesho.com/images/products/1107841950/l5b9t_512.webp?width=512,Kurtis,2026-10-03,ibkwbi,399,Cotton blend · bell sleeves · printed
p-meesho-casual-top-i8bl8t,Beige floral tie-up top,https://www.meesho.com/casual-top-wear-for-girls/p/i8bl8t,,247,,,https://images.meesho.com/images/products/1102368845/m39u8_512.webp?width=512,Tops & Tunics,2026-10-03,i8bl8t,309,Rayon · long sleeves · regular fit
p-meesho-rec-icis10,Magenta pink tiered V-neck top,https://www.meesho.com/s/p/icis10,,451,,,https://images.meesho.com/images/products/1109422692/stvdk_512.webp?width=512,Tops & Tunics,2026-10-03,icis10,629,Viscose rayon · layered peplum · long sleeves
p-meesho-rec-i5xnpq,Red gingham puff-sleeve peplum top,https://www.meesho.com/s/p/i5xnpq,,234,,,https://images.meesho.com/images/products/1098359630/ugbhd_512.webp?width=512,Tops & Tunics,2026-10-03,i5xnpq,299,Cotton · checked print · square-neck style
p-meesho-rec-icbsva,White ribbed tie-front peplum top,https://www.meesho.com/s/p/icbsva,,273,,,https://images.meesho.com/images/products/1109097190/xobxx_512.webp?width=512,Tops & Tunics,2026-10-03,icbsva,349,Cotton blend · V-neck · tie-up detail
p-meesho-rec-d1ahvh,Pink sweetheart tie-up top,https://www.meesho.com/s/p/d1ahvh,,356,3.9,19,https://images.meesho.com/images/products/788229629/dp5pd_512.webp?width=512,Tops & Tunics,2026-10-03,d1ahvh,439,Polyester · flared sleeves · peplum fit
p-meesho-rec-81xddl,Mizo white collared top,https://www.meesho.com/s/p/81xddl,,297,4.2,2858,https://images.meesho.com/images/products/486966009/uling_512.webp?width=512,Tops & Tunics,2026-10-03,81xddl,379,White Lycra · short sleeves · shirt collar
p-meesho-rec-hs9m2g,Imported Turkish mesh crop top,https://www.meesho.com/s/p/hs9m2g,,463,,,https://images.meesho.com/images/products/1075402744/qld3s_512.webp?width=512,Tops & Tunics,2026-10-03,hs9m2g,649,Brown net · V-neck · long sleeves
p-meesho-rec-hx9n0y,Pink gingham puff-sleeve top,https://www.meesho.com/s/p/hx9n0y,,233,,,https://images.meesho.com/images/products/1083802066/h2ler_512.webp?width=512,Tops & Tunics,2026-10-03,hx9n0y,289,Cotton · checked peplum · sweetheart neck
p-meesho-rec-iah4lm,Green western long-sleeve top,https://www.meesho.com/s/p/iah4lm,,320,,,https://images.meesho.com/images/products/1105986442/ebdek_512.webp?width=512,Tops & Tunics,2026-10-03,iah4lm,399,Cotton blend · fitted · ruffle detail
p-meesho-rec-hswwdx,Kashmira floral cotton top,https://www.meesho.com/s/p/hswwdx,,358,,,https://images.meesho.com/images/products/1076489205/ufguh_512.webp?width=512,Tops & Tunics,2026-10-03,hswwdx,459,White cotton · floral print · bell sleeves
p-meesho-rec-i02chc,Seoul Stories floral peplum top,https://www.meesho.com/s/p/i02chc,,379,,,https://images.meesho.com/images/products/1088500656/tobfr_512.webp?width=512,Tops & Tunics,2026-10-03,i02chc,489,Rayon · puff sleeves · floral print
p-meesho-rec-iawjwy,Yellow checked puff-sleeve top,https://www.meesho.com/s/p/iawjwy,,250,,,https://images.meesho.com/images/products/1106706130/ryx9f_512.webp?width=512,Tops & Tunics,2026-10-03,iawjwy,319,Cotton silk · square neck · flared sleeves
p-meesho-rec-hrc1q8,Beige floral tie-up short kurti,https://www.meesho.com/s/p/hrc1q8,,288,4.2,47,https://images.meesho.com/images/products/1073836736/q6myp_512.webp?width=512,Kurtis,2026-10-03,hrc1q8,389,Rayon · three-quarter sleeves · floral print
p-meesho-rec-i47gkn,Black checked cotton top,https://www.meesho.com/s/p/i47gkn,,238,,,https://images.meesho.com/images/products/1095457703/zwmsd_512.webp?width=512,Tops & Tunics,2026-10-03,i47gkn,339,Cotton · short sleeves · waist tie-up
p-meesho-rec-h9j1u0,Teal paisley embroidered crop shirt,https://www.meesho.com/s/p/h9j1u0,,297,4.1,35,https://images.meesho.com/images/products/1043930376/uk9u9_512.webp?width=512,Tops & Tunics,2026-10-03,h9j1u0,379,Rayon · paisley embroidery · short sleeves
p-meesho-dailywear-kurti-hgyjn7,Printed daily-wear short kurti,https://www.meesho.com/daily-wear-kurticasual-top-kurtifancystylishcollage-wearoffice-wearethnic-kurti/p/hgyjn7,,305,4.0,68,https://images.meesho.com/images/products/1056410611/31zvg_512.webp?width=512,Kurtis,2026-10-03,hgyjn7,399,Beige rayon · bell sleeves · side tie-up
p-meesho-cotton-check-crop-top-hxzdqs,Red checked cotton crop top,https://www.meesho.com/women-strip-stylish-cotton-crop-top/p/hxzdqs,,233,,,https://images.meesho.com/images/products/1085003092/3fjfj_512.webp?width=512,Tops & Tunics,2026-10-03,hxzdqs,299,Puff sleeves · gathered detail · cotton
p-meesho-plaid-peplum-hxi020,Plaid bow-front peplum shirt,https://www.meesho.com/trendy-womens-summer-plaid-shirt-bow-tie-front-cute-puff-sleeve-peplum-ruffle-babydoll-blouse-lace-up-summer-going-out/p/hxi020,,257,4.8,9,https://images.meesho.com/images/products/1084192200/cxbcv_512.webp?width=512,Tops & Tunics,2026-10-03,hxi020,329,Cotton · puff sleeves · ruffle hem
p-meesho-peach-embroidered-tunic-ibf8li,Peach embroidered tunic top,https://www.meesho.com/utsaahit-peach-embroidery-tunic-short-kurta-top/p/ibf8li,,233,,,https://images.meesho.com/images/products/1107577926/8mdiz_512.webp?width=512,Kurtis,2026-10-03,ibf8li,289,Rayon · V-neck · embroidered detail
p-meesho-checked-peplum-hxa80s,Blue checked puff-sleeve peplum top,https://www.meesho.com/women-fashion-top-stylish-top-for-girls-cotton-look-top-summer-top-for-women-party-wear-top-trendy-women-top-casual-western-wear-red-white-top-checked-peplum-top/p/hxa80s,,233,,,https://images.meesho.com/images/products/1083829276/jx6si_512.webp?width=512,Tops & Tunics,2026-10-03,hxa80s,329,Cotton · square neckline · short sleeves
p-meesho-yellow-side-dori-i9l5pc,Yellow floral side-dori top,https://www.meesho.com/2-yellow-full-vayral-side-dori-top/p/i9l5pc,,288,,,https://images.meesho.com/images/products/1104494880/bzlxi_512.webp?width=512,Tops & Tunics,2026-10-03,i9l5pc,379,Cotton · three-quarter sleeves · printed
p-meesho-rec-hnhwha,White chiffon sleeveless top,https://www.meesho.com/s/p/hnhwha,,274,,,https://images.meesho.com/images/products/1067391406/0lnhe_512.webp?width=512,Tops & Tunics,2026-10-03,hnhwha,379,Chiffon · solid finish · summer-ready
p-meesho-rec-i72g4z,Beige floral V-neck top,https://www.meesho.com/s/p/i72g4z,,320,,,https://images.meesho.com/images/products/1100262707/sjpxy_512.webp?width=512,Tops & Tunics,2026-10-03,i72g4z,399,Viscose rayon · floral print · tie-up detail
p-meesho-rec-hsxhuc,Kashmira floral cotton top · BB,https://www.meesho.com/s/p/hsxhuc,,359,,,https://images.meesho.com/images/products/1076517012/ccq43_512.webp?width=512,Tops & Tunics,2026-10-03,hsxhuc,439,White cotton · floral print · short sleeves
p-meesho-rec-g89cvl,Maroon printed V-neck tunic top,https://www.meesho.com/s/p/g89cvl,,288,4.3,73,https://images.meesho.com/images/products/981332337/d1slh_512.webp?width=512,Tops & Tunics,2026-10-03,g89cvl,409,Rayon · long sleeves · floral print
p-meesho-rec-hvahpb,Gingham puff-sleeve peplum top,https://www.meesho.com/s/p/hvahpb,,357,,,https://images.meesho.com/images/products/1080482591/ya56r_512.webp?width=512,Tops & Tunics,2026-10-03,hvahpb,489,Polyester · checked print · casual fit
p-meesho-rec-i1vg7j,Black printed corset-style tunic,https://www.meesho.com/s/p/i1vg7j,,289,,,https://images.meesho.com/images/products/1091538127/v62jr_512.webp?width=512,Tops & Tunics,2026-10-03,i1vg7j,369,Cotton · long sleeves · ethnic print
p-meesho-rec-i81kkl,Purple floral printed top,https://www.meesho.com/s/p/i81kkl,,289,,,https://images.meesho.com/images/products/1101901413/4aey9_512.webp?width=512,Tops & Tunics,2026-10-03,i81kkl,389,Rayon · A-line fit · three-quarter sleeves
p-meesho-rec-ibehh3,Jaipuri floral empire top · blue,https://www.meesho.com/s/p/ibehh3,,310,,,https://images.meesho.com/images/products/1107542775/fszzn_512.webp?width=512,Tops & Tunics,2026-10-03,ibehh3,439,Viscose rayon · floral print · bell sleeves
p-meesho-rec-ibgu6i,Floral V-neck longline tunic,https://www.meesho.com/s/p/ibgu6i,,279,,,https://images.meesho.com/images/products/1107652554/pqgk1_512.webp?width=512,Tops & Tunics,2026-10-03,ibgu6i,379,Cotton · botanical print · long sleeves
p-meesho-rec-i1x3qe,Cream full-sleeve corset-fit top,https://www.meesho.com/s/p/i1x3qe,,287,3.4,7,https://images.meesho.com/images/products/1091615270/r6hfq_512.webp?width=512,Tops & Tunics,2026-10-03,i1x3qe,359,Cotton blend · floral print · bell sleeves
p-meesho-rec-i2opo7,Printed short kurti,https://www.meesho.com/s/p/i2opo7,,259,,,https://images.meesho.com/images/products/1092903415/objtr_512.webp?width=512,Kurtis,2026-10-03,i2opo7,369,Cotton · floral print · three-quarter sleeves
p-meesho-rec-ga6wfd,Maroon floral V-neck top,https://www.meesho.com/s/p/ga6wfd,,278,4.4,14,https://images.meesho.com/images/products/984576937/eh9xn_512.webp?width=512,Tops & Tunics,2026-10-03,ga6wfd,379,Rayon · bell sleeves · printed detail
p-meesho-rec-hzxq6a,Pink & blue striped top set,https://www.meesho.com/s/p/hzxq6a,,262,,,https://images.meesho.com/images/products/1088285122/pzm58_512.webp?width=512,Tops & Tunics,2026-10-03,hzxq6a,329,Cotton · two-piece top combo · short sleeves
p-meesho-rec-hz5oo6,Pink printed short top,https://www.meesho.com/s/p/hz5oo6,,229,,,https://images.meesho.com/images/products/1086976806/qh3qx_512.webp?width=512,Tops & Tunics,2026-10-03,hz5oo6,309,Rayon · floral print · long sleeves
p-meesho-rec-g59dds,Summer Turkish embroidered top,https://www.meesho.com/s/p/g59dds,,513,4.2,56,https://images.meesho.com/images/products/976294144/zxte4_512.webp?width=512,Tops & Tunics,2026-10-03,g59dds,639,Brown net · embroidered · tie-up waist
p-meesho-rec-i17z2m,Green rayon A-line top,https://www.meesho.com/s/p/i17z2m,,259,,,https://images.meesho.com/images/products/1090442830/hzjaq_512.webp?width=512,Tops & Tunics,2026-10-03,i17z2m,349,Rayon · three-quarter sleeves · solid print
p-meesho-rec-i89ubp,White double-side dori top,https://www.meesho.com/s/p/i89ubp,,288,,,https://images.meesho.com/images/products/1102287301/gufai_512.webp?width=512,Tops & Tunics,2026-10-03,i89ubp,369,Cotton blend · square neck · long sleeves
p-meesho-rec-hovc9u,Yellow checked cotton peplum top,https://www.meesho.com/s/p/hovc9u,,247,3.5,8,https://images.meesho.com/images/products/1069698018/w4r2w_512.webp?width=512,Tops & Tunics,2026-10-03,hovc9u,309,Cotton · button-front detail · short sleeves
p-meesho-rec-ibf265,Jaipuri floral empire top · yellow,https://www.meesho.com/s/p/ibf265,,310,,,https://images.meesho.com/images/products/1107569597/v5bya_512.webp?width=512,Tops & Tunics,2026-10-03,ibf265,399,Viscose rayon · floral print · bell sleeves
p-meesho-rec-i9m3al,Orange printed rayon top,https://www.meesho.com/s/p/i9m3al,,301,,,https://images.meesho.com/images/products/1104538413/p6yyj_512.webp?width=512,Tops & Tunics,2026-10-03,i9m3al,310,Rayon slub · short sleeves · waist tie-up
p-meesho-rec-i8b9kh,Beige floral side-tie top,https://www.meesho.com/s/p/i8b9kh,,289,,,https://images.meesho.com/images/products/1102353713/ya3gf_512.webp?width=512,Tops & Tunics,2026-10-03,i8b9kh,399,Cotton · shirt collar · long sleeves
p-meesho-rec-hy1coy,Black Jaipuri floral-print top,https://www.meesho.com/s/p/hy1coy,,276,,,https://images.meesho.com/images/products/1085095042/wcigi_512.webp?width=512,Tops & Tunics,2026-10-03,hy1coy,369,Rayon · A-line fit · three-quarter sleeves
p-meesho-printed-side-dori-top,Printed side-dori top,https://www.meesho.com/printed-side-dori-top/p/i0yzat,,246,,,https://images.meesho.com/images/products/1090023221/hriue_512.webp?width=512,Tops & Tunics,2026-10-03,i0yzat,339,Beige rayon · V-neck · long sleeves
p-meesho-dress-hhck2a,Sheer Tube Dress / Bestseller Dress,https://www.meesho.com/s/p/hhck2a,,587,,,https://images.meesho.com/images/products/1057064338/hebw8_512.webp,Women Dresses,2026-10-03,hhck2a,839,Black sheer mesh · berry-toned party silhouette
p-meesho-dress-i45j67,Maroon ruched bodycon maxi,https://www.meesho.com/s/p/i45j67,,487,,,https://images.meesho.com/images/products/1095367759/dcxzi_512.webp,Women Dresses,2026-10-03,i45j67,619,Maroon · sheer sleeves · fitted party silhouette
p-meesho-dress-ae6lv9,Coffee-tone one-shoulder maxi,https://www.meesho.com/s/p/ae6lv9,,288,4.3,10080,https://images.meesho.com/images/products/628484661/y00mx_512.webp,Women Dresses,2026-10-03,ae6lv9,389,Coffee brown · Lycra · one-shoulder bodycon fit
p-meesho-dress-hpi4lz,Stylish Ravishing maroon bodycon maxi,https://www.meesho.com/s/p/hpi4lz,,433,3.7,72,https://images.meesho.com/images/products/1070761175/tqxmv_512.webp,Women Dresses,2026-10-03,hpi4lz,559,Maroon · Lycra · off-shoulder bodycon
p-meesho-dress-ibsnwj,White & pink floral bodycon maxi,https://www.meesho.com/s/p/ibsnwj,,491,,,https://images.meesho.com/images/products/1108204291/noimh_512.webp,Women Dresses,2026-10-03,ibsnwj,699,White with pink floral print · Lycra · full length
p-meesho-dress-i3vfc3,Multicolor net bodycon maxi,https://www.meesho.com/s/p/i3vfc3,,475,,,https://images.meesho.com/images/products/1094896227/jsjoo_512.webp,Women Dresses,2026-10-03,i3vfc3,489,Multicolor · net fabric · long sleeves
p-meesho-dress-i96qm1,Black sequin bodycon dress,https://www.meesho.com/s/p/i96qm1,,493,,,https://images.meesho.com/images/products/1103822137/kt7pa_512.webp,Women Dresses,2026-10-03,i96qm1,649,Black · sequin finish · Lycra · knee length
p-meesho-dress-boevl2,Pink bodycon maxi dress,https://www.meesho.com/s/p/boevl2,,434,3.9,986,https://images.meesho.com/images/products/706132838/jkrkf_512.webp,Women Dresses,2026-10-03,boevl2,539,Pink · Lycra · full-length fitted silhouette
p-meesho-dress-bg1m56,Black mesh-sleeve party maxi,https://www.meesho.com/s/p/bg1m56,,392,3.9,104,https://images.meesho.com/images/products/692077146/lucgc_512.webp,Women Dresses,2026-10-03,bg1m56,529,Black · mesh sleeves · fit-and-flare maxi
p-meesho-dress-92vpfo,Blue bodycon maxi dress,https://www.meesho.com/s/p/92vpfo,,513,3.9,357,https://images.meesho.com/images/products/549034116/pggmz_512.webp,Women Dresses,2026-10-03,92vpfo,689,Blue · Lycra · fitted maxi silhouette
p-meesho-dress-b38f6j,White puff-sleeve fit-and-flare dress,https://www.meesho.com/s/p/b38f6j,,362,4.2,2575,https://images.meesho.com/images/products/670559707/ilrkh_512.webp,Women Dresses,2026-10-03,b38f6j,499,White · square neck · puff sleeves · above-knee
p-meesho-dress-59w9ha,Blue self-design party dress,https://www.meesho.com/s/p/59w9ha,,533,4.3,1341,https://images.meesho.com/images/products/318952702/hsbpn_512.webp,Women Dresses,2026-10-03,59w9ha,729,Blue · polyester · bodycon calf length
p-meesho-dress-hpi12q,Black off-shoulder floral mini dress,https://www.meesho.com/s/p/hpi12q,,513,4.2,11,https://images.meesho.com/images/products/1070756594/ekfzk_512.webp,Women Dresses,2026-10-03,hpi12q,709,Black · red floral ruffle neckline · Lycra
p-meesho-dress-gpc4vn,Maroon velvet embellished maxi,https://www.meesho.com/s/p/gpc4vn,,612,4.3,400,https://images.meesho.com/images/products/1010015411/hokmj_512.webp,Women Dresses,2026-10-03,gpc4vn,636,Maroon velvet · embellished sweetheart neck · fit-and-flare
p-meesho-dress-c4jdu0,Pink heavy-Lycra bodycon dress,https://www.meesho.com/s/p/c4jdu0,,514,3.8,15359,https://images.meesho.com/images/products/733216968/1jz7w_512.webp,Women Dresses,2026-10-03,c4jdu0,669,Pink-toned shimmer · heavy Lycra · fitted silhouette
jersey-portugal-ronaldo-7,Portugal CR7 Ice Wave Edition Football Jersey,https://www.meesho.com/embroidery-portugal-ronaldo-7-ice-wave-edition-premium-football-jersey/p/ffva6i,,549,4.4,954,https://images.meesho.com/images/products/438348822/0n6f3_512.webp,Tops & Tunics,,ffva6i,899,Embroidered crest & iconic #7 detailing
jersey-realmadrid-mbappe-10,Mbappe #10 Real Madrid 24/25 3rd Kit Embroidery,https://www.meesho.com/mbappe-10-real-madrid-2026-27-3rd-kit-embroidery/p/hoorf4,,529,4.4,619,https://images.meesho.com/images/products/447287948/kgnq9_512.webp,Tops & Tunics,,hoorf4,849,Premium dot-knit luxury streetwear jersey
jersey-argentina-messi-10,Argentina Midnight Blue #10 Messi Phantom Edition,https://www.meesho.com/embroidery-argentina-midnight-blue-10-messi-phantom-edition-premium-football-jersey/p/f9k9l6,,549,4.3,628,https://images.meesho.com/images/products/437340242/4f4qm_512.webp,Tops & Tunics,,f9k9l6,899,Embroidered 3-star champions luxury kit
jersey-manchester-city-haaland-9,Manchester City Haaland #9 Sky Blue Jersey,https://www.meesho.com/manchester-city-haaland-9-sky-blue-embroidered-jersey/p/ha4eb9,,549,4.4,445,https://images.meesho.com/images/products/446268801/zsz5a_512.webp,Tops & Tunics,,ha4eb9,899,Embroidered crest & premium breathable fabric
jersey-brazil-neymar-10,Brazil 24/25 Neymar Jr #10 Iconic Home Jersey,https://www.meesho.com/brazil-neymar-jr-10-iconic-yellow-home-edition-premium-football-jersey-samba-legend-match-style/p/fb84d8,,549,4.3,437,https://images.meesho.com/images/products/439777824/j7nzy_512.webp,Tops & Tunics,,fb84d8,899,Blokecore viral oversized aesthetic fit
jersey-barca-yamal-10,FC Barcelona Lamine Yamal #10 Blaugrana Kit,https://www.meesho.com/fc-barcelona-home-jersey-lamine-yamal-10-blaugrana-match-style-football-t-shirt/p/b8jiod,,539,4.4,221,https://images.meesho.com/images/products/435133645/e4j5t_512.webp,Tops & Tunics,,b8jiod,849,Gen-Z viral match-style streetwear jersey
pinterest-ferrari-racing-jacket,Vintage Ferrari F1 Embroidered Racing Bomber Jacket,https://www.meesho.com/vintage-ferrari-f1-racing-jacket/p/ferrari99,,1199,4.6,1820,/images/meesho-black-cardigan.webp,Tops & Tunics,,ferrari99,2499,Viral Pinterest motorsports aesthetic oversized jacket
pinterest-spiderman-oversized-tee,Spider Aesthetic Heavyweight Oversized Graphic Tee,https://www.meesho.com/spider-oversized-graphic-tee/p/spdr88,,549,4.5,940,/images/meesho-canvas-tote.webp,Tops & Tunics,,spdr88,999,Vintage wash drop-shoulder Gen-Z streetwear tee
pinterest-redbull-racing-jacket,Red Bull F1 Motorsports Vintage Track Jacket,https://www.meesho.com/redbull-racing-vintage-jacket/p/rb99,,1149,4.6,1120,/images/meesho-casual-beige-girls-top.webp,Tops & Tunics,,rb99,2299,Infiniti racing embroidery & retro colorblock fit
pinterest-mercedes-racing-jacket,Mercedes-Benz AMG Retro Leather Racing Jacket,https://www.meesho.com/mercedes-amg-leather-jacket/p/merc99,,1299,4.7,870,/images/meesho-dress-i45j67.webp,Tops & Tunics,,merc99,2799,Two-tone monochrome vintage biker racing jacket
pinterest-spiderman-zip-hoodie,Spider Venom Colorblock Full-Zip Streetwear Hoodie,https://www.meesho.com/spider-zip-hoodie/p/sphood99,,999,4.5,1430,/images/meesho-elegant-casual-white-top.webp,Tops & Tunics,,sphood99,1899,Oversized double-hooded aesthetic graphic jacket
brasilcore-halter-crop-top,Brasil Y2K Halter Neck Ruched Crop Top,https://www.meesho.com/brasil-halter-neck-crop-top/p/brhlt99,,389,4.6,1420,/images/meesho-floral-print-georgette-saree.webp,Tops & Tunics,,brhlt99,699,Viral Pinterest Brasilcore yellow & green aesthetic top
brasilcore-ribbed-baby-tee,Brasil 90s Ribbed Fitted Baby Tee,https://www.meesho.com/brasil-ribbed-baby-tee/p/brtee88,,349,4.5,2180,/images/meesho-oversized-boxy-fit-tshirt.webp,Tops & Tunics,,brtee88,649,Vintage contrast ringer sleeve streetwear baby tee
brasilcore-cami-corset-tank,Brasil Cami Strappy Bandeau Corset Tank,https://www.meesho.com/brasil-cami-corset-tank/p/brcami77,,369,4.5,970,/images/meesho-retro-square-sunglasses.webp,Tops & Tunics,,brcami77,699,Pointed hemline Y2K summer aesthetic cami
argentina-crop-jersey-top,Argentina #10 Sky Blue Crop Shrug Jersey Top,https://www.meesho.com/argentina-crop-jersey-top/p/argtop99,,449,4.7,840,/images/meesho-black-cardigan.webp,Tops & Tunics,,argtop99,799,Blokette tie-front cutout aesthetic sports top
leopard-y2k-halter-corset,Y2K Leopard Print Asymmetric Halter Corset Top,https://www.meesho.com/leopard-halter-corset/p/leocors99,,399,4.4,1650,/images/meesho-canvas-tote.webp,Tops & Tunics,,leocors99,749,Handpicked animal print pointed hemline party top
pinterest-knit-shrug-shorts-set,Off-Shoulder Distressed Knit Shrug & Denim Shorts Combo,https://www.meesho.com/knit-shrug-shorts-combo/p/shrug99,,589,4.7,1640,/images/meesho-casual-beige-girls-top.webp,Tops & Tunics,,shrug99,1199,Viral Pinterest 2-piece aesthetic summer grunge outfit
pinterest-spider-bodysuit,Spider-Man Red & Blue Cutout Graphic Bodysuit,https://www.meesho.com/spider-graphic-bodysuit/p/spdbod99,,499,4.6,890,/images/meesho-dress-i45j67.webp,Tops & Tunics,,spdbod99,949,Viral Y2K superhero aesthetic corset bodysuit
pinterest-vanilla-girl-cardigan-set,Vanilla Girl Ribbed Cardigan & Wide-Leg Denim Set,https://www.meesho.com/vanilla-girl-cardigan-set/p/vanilla99,,649,4.8,2340,/images/meesho-elegant-casual-white-top.webp,Tops & Tunics,,vanilla99,1299,Effortless clean girl aesthetic cozy outfit combo
pinterest-brasil-tennis-skirt-set,Brasil Halter Top & Pleated Tennis Skirt 2-Piece Set,https://www.meesho.com/brasil-skirt-combo/p/brskirt99,,549,4.7,1780,/images/meesho-floral-print-georgette-saree.webp,Tops & Tunics,,brskirt99,999,Trending Blokette aesthetic party & festival outfit
pinterest-downtown-mocha-cardigan-set,Downtown Girl Mocha Knit Cardigan & Acid Denim Set,https://www.meesho.com/downtown-mocha-set/p/dtmocha99,,689,4.8,2150,/images/meesho-oversized-boxy-fit-tshirt.webp,Tops & Tunics,,dtmocha99,1399,Viral Pinterest 3-piece aesthetic coffee & cozy lookbook combo
pinterest-leather-bomber-cargo-set,Oversized Faux Leather Biker Bomber & Cargo Combo,https://www.meesho.com/leather-bomber-cargo-set/p/biker99,,1299,4.7,1380,/images/meesho-retro-square-sunglasses.webp,Tops & Tunics,,biker99,2499,Y2K grunge aesthetic leather jacket & distressed denim fit
pinterest-lightning-mcqueen-hoodie-set,Lightning 95 Vintage Racing Graphic Hoodie Combo,https://www.meesho.com/lightning-95-hoodie-set/p/mcq99,,849,4.6,990,/images/meesho-black-cardigan.webp,Tops & Tunics,,mcq99,1699,Viral Gen-Z motorsports graphic hoodie & straight black pants
pinterest-windbreaker-parachute-set,Retro Colorblock Track Windbreaker & Parachute Pants,https://www.meesho.com/windbreaker-parachute-set/p/wind99,,949,4.7,1540,/images/meesho-canvas-tote.webp,Tops & Tunics,,wind99,1899,Monochrome streetwear sport jacket & baggy parachute bottoms
pinterest-baby-tee-jorts-combo,Minimalist Black Baby Tee & Washed Denim Jorts Set,https://www.meesho.com/baby-tee-jorts-combo/p/jorts99,,549,4.5,1180,/images/meesho-casual-beige-girls-top.webp,Tops & Tunics,,jorts99,1099,Downtown summer skater aesthetic 2-piece outfit combo
ruchedcowlneckemeraldsat,Ruched Cowl-Neck Emerald Satin Bodycon Dress,https://www.meesho.com/emerald-satin-cowl-bodycon-dress/p/emldress99,,649,4.8,2890,/images/meesho-dress-ae6lv9.webp,Women Dresses,,emldress99,908,Main character energy evening & party silhouette
